frame,obj,type,depth_m,occluded,truncated,gt_h_px,n_pts_3d,n_pts_img,iou_corners,du_corners,dv_corners,iou_points,points_box_ok
000001,0,Truck,69.44,0,0.0,32.8,70,70,0.9379,0.27,0.77,0.7958,True
000001,1,Car,58.49,0,0.0,21.6,9,9,0.9806,0.11,0.05,0.0536,True
000001,2,Cyclist,45.84,3,0.0,30.0,18,18,0.9599,0.09,0.19,0.5903,True
000004,0,Car,38.26,0,0.0,30.5,67,67,0.9801,0.11,-0.0,0.5093,True
000004,1,Car,51.17,0,0.0,20.7,26,26,0.9797,0.05,0.04,0.4023,True
000007,0,Car,25.01,0,0.0,50.2,170,170,0.9667,0.54,0.32,0.7404,True
000007,1,Car,47.55,0,0.0,22.3,18,18,0.972,0.06,-0.06,0.163,True
000007,2,Car,60.52,0,0.0,18.2,5,5,0.9732,0.07,0.17,0.0,False
000007,3,Cyclist,34.09,0,0.0,37.5,24,24,0.9791,0.06,0.13,0.4461,True
000008,0,Car,3.68,3,0.88,181.6,5610,1424,0.9934,0.19,-0.52,0.8939,True
000008,1,Car,7.86,1,0.0,193.1,1570,1570,0.9854,0.49,0.86,0.7448,True
000008,2,Car,6.15,3,0.34,176.6,995,870,0.9865,0.76,-0.76,0.8578,True
000008,3,Car,14.44,1,0.0,85.0,620,620,0.974,0.43,0.83,0.7669,True
000008,4,Car,33.2,0,0.0,39.6,41,41,0.9648,0.26,0.51,0.6829,True
000008,5,Car,19.96,0,0.0,61.9,164,164,0.9711,0.28,0.35,0.7309,True
000009,0,Car,23.88,0,0.0,52.5,185,185,0.9692,0.18,0.28,0.7764,True
000009,1,Car,66.37,2,0.0,16.2,4,4,0.9805,0.12,0.07,0.0,False
000009,2,Car,68.25,0,0.0,15.4,1,1,0.9766,0.07,-0.0,0.0,False
000010,0,Car,5.2,0,0.8,191.5,1511,265,0.9849,0.92,-0.69,0.8565,True
000010,1,Car,11.8,0,0.0,109.0,998,998,0.973,0.44,0.51,0.7368,True
000010,2,Pedestrian,23.51,2,0.0,61.6,23,23,0.6919,-2.22,0.19,0.2079,True
000010,3,Car,16.5,0,0.0,73.4,327,327,0.9665,0.18,0.57,0.7457,True
000010,4,Car,22.05,2,0.0,52.5,47,47,0.9658,0.46,0.46,0.5467,True
000010,5,Car,23.64,0,0.0,51.6,205,205,0.9737,0.29,0.49,0.7219,True
000010,6,Car,29.07,2,0.0,39.5,45,45,0.9702,0.31,0.36,0.4632,True
000010,7,Car,28.53,1,0.0,42.1,22,22,0.9696,0.27,0.41,0.438,True
000010,8,Car,42.85,1,0.0,28.8,15,15,0.9732,0.23,0.23,0.4549,True
000011,0,Pedestrian,12.42,1,0.0,114.9,141,141,0.7617,-3.12,0.28,0.7622,True
000011,1,Pedestrian,13.43,2,0.0,104.0,23,23,0.9709,0.52,0.21,0.4557,True
000011,2,Car,26.64,0,0.0,54.8,176,176,0.9622,0.34,0.69,0.7417,True
000011,3,Pedestrian,34.08,0,0.0,38.3,40,40,0.6641,0.49,0.17,0.7812,True
000011,4,Car,4.13,0,0.98,156.9,2751,210,0.9828,-0.16,-1.08,0.6913,True
000011,5,Pedestrian,15.95,0,0.0,71.3,74,74,0.7877,-0.36,0.25,0.6829,True
000012,0,Car,58.84,0,0.0,19.2,13,13,0.9703,0.07,0.03,0.2327,True
000012,1,Van,65.02,0,0.0,29.3,39,39,0.9726,0.16,0.17,0.4847,True
000015,0,Car,4.1,0,0.89,178.3,5445,1650,0.9912,0.04,0.76,0.8917,True
000015,1,Pedestrian,7.59,1,0.0,183.3,357,357,0.5724,-4.5,-0.47,0.7332,True
000015,2,Pedestrian,24.14,0,0.0,52.6,51,51,0.5881,-5.62,-0.03,0.4437,True
000015,3,Pedestrian,24.22,0,0.0,54.9,68,68,0.7118,-2.26,-0.12,0.4684,True
000015,4,Pedestrian,23.3,0,0.0,56.3,63,63,0.7291,-2.65,0.07,0.6253,True
000016,0,Car,44.41,2,0.0,22.8,24,24,0.9792,0.05,0.2,0.2627,True
000016,1,Truck,26.41,2,0.0,161.6,1973,1973,0.9573,0.22,3.17,0.5332,True
000016,2,Car,33.13,0,0.0,33.1,46,46,0.9602,0.14,0.46,0.4847,True
000016,3,Car,6.05,0,0.5,180.4,1993,1735,0.9953,-0.11,-0.37,0.8654,True
000016,4,Car,46.74,0,0.0,23.4,10,10,0.9752,0.04,0.1,0.1522,True
000016,5,Tram,90.96,2,0.0,29.9,0,0,0.9411,0.15,0.83,0.0,False
000019,0,Truck,5.46,1,0.74,374.0,7484,4851,0.9977,0.5,0.0,0.7201,True
000019,1,Car,9.72,0,0.0,136.9,1064,1064,0.9759,0.68,0.14,0.7359,True
000019,2,Van,35.34,0,0.0,43.3,98,98,0.9579,0.22,0.57,0.6962,True
000019,3,Car,59.59,0,0.0,20.2,19,19,0.9674,0.06,-0.04,0.4304,True
000021,0,Cyclist,3.14,0,0.89,183.5,1206,186,0.9609,2.74,-0.92,0.5453,True
000021,1,Car,13.3,0,0.0,91.7,778,778,0.9769,0.04,0.74,0.7572,True
000021,2,Car,17.6,1,0.0,83.1,204,204,0.9557,0.49,1.36,0.5352,True
000021,3,Van,21.3,1,0.0,98.6,933,933,0.9741,0.49,0.28,0.6911,True
000021,4,Car,25.97,0,0.0,44.0,146,146,0.9661,0.16,0.65,0.7077,True
000021,5,Car,26.83,1,0.0,50.6,107,107,0.9573,0.3,0.73,0.5306,True
000021,6,Car,32.13,2,0.0,43.2,45,45,0.9603,0.14,0.61,0.7419,True
000021,7,Car,31.78,2,0.0,40.5,26,26,0.9754,0.17,0.34,0.2241,True
000023,0,Truck,69.29,0,0.0,32.9,74,74,0.9179,0.57,0.8,0.7587,True
000023,1,Car,55.08,0,0.0,23.0,13,13,0.9822,0.06,-0.03,0.0741,True
000023,2,Cyclist,44.76,3,0.0,30.7,18,18,0.978,0.1,0.1,0.399,True
000025,0,Car,3.14,3,0.94,155.8,1286,140,0.9856,1.2,-0.59,0.6376,True
000025,1,Car,10.42,0,0.0,125.4,1088,1088,0.9743,0.17,0.51,0.7599,True
000025,2,Car,30.18,0,0.0,43.9,54,54,0.9669,0.12,0.51,0.5907,True
000025,3,Car,17.48,0,0.0,71.0,311,311,0.9752,0.43,0.49,0.7345,True
000025,4,Cyclist,44.63,3,0.0,29.8,17,17,0.9525,0.16,0.12,0.4683,True
000025,5,Car,22.3,1,0.0,49.2,27,27,0.9728,0.19,0.19,0.1928,True
000031,0,Car,12.2,0,0.0,116.8,984,984,0.9764,0.72,0.2,0.758,True
000031,1,Car,8.46,0,0.0,161.1,932,932,0.9909,0.4,0.05,0.7928,True
000031,2,Car,13.14,1,0.0,98.0,501,501,0.9782,0.72,0.05,0.6435,True
000031,3,Truck,22.27,2,0.0,96.7,323,323,0.975,0.22,0.93,0.7467,True
000031,4,Car,26.41,0,0.0,43.3,141,141,0.9754,0.11,0.25,0.7398,True
000031,5,Van,51.9,0,0.0,28.9,31,31,0.9698,0.16,0.26,0.5932,True
000032,0,Car,9.0,0,0.0,155.4,1409,1409,0.9784,0.29,0.77,0.7419,True
000032,1,Car,8.6,0,0.0,153.1,1273,1273,0.9812,0.36,0.38,0.8117,True
000032,2,Van,14.34,1,0.0,123.1,790,790,0.9759,0.43,1.15,0.7342,True
000032,3,Car,13.47,1,0.0,93.4,401,401,0.9743,0.69,-0.14,0.6273,True
000032,4,Car,19.85,2,0.0,57.4,68,68,0.9663,0.06,0.68,0.6035,True
000032,5,Van,22.71,2,0.0,89.4,584,584,0.978,0.2,0.78,0.4768,True
000032,6,Car,25.25,2,0.0,55.2,75,75,0.9632,0.38,0.78,0.3857,True
000032,7,Van,44.71,0,0.0,33.9,62,62,0.9658,0.19,0.32,0.6709,True
000032,8,Van,39.04,2,0.0,51.9,154,154,0.969,0.31,0.28,0.4526,True
000032,9,Car,44.75,0,0.0,25.4,38,38,0.9629,0.15,0.38,0.4494,True
000043,0,Pedestrian,12.56,0,0.0,91.7,148,148,0.7353,0.04,0.12,0.7979,True
000043,1,Pedestrian,12.34,0,0.0,98.0,170,170,0.9071,-1.52,0.25,0.7927,True
000043,2,Pedestrian,20.51,0,0.0,68.2,84,84,0.8114,-1.53,0.1,0.6691,True
000043,3,Pedestrian,20.3,0,0.0,69.7,88,88,0.7394,-2.58,0.02,0.8708,True
000048,0,Pedestrian,16.82,0,0.0,76.1,109,109,0.7428,-4.76,-0.14,0.7223,True
000048,1,Pedestrian,17.03,0,0.0,78.8,127,127,0.7344,-2.02,0.08,0.5835,True
000048,2,Pedestrian,16.26,0,0.0,81.5,113,113,0.6114,-7.84,0.05,0.5314,True
000048,3,Cyclist,30.42,0,0.0,44.1,39,39,0.9556,0.31,-0.09,0.4661,True
000049,0,Car,21.55,0,0.0,50.2,200,200,0.9718,0.43,0.37,0.7562,True
000049,1,Car,13.75,0,0.0,84.1,864,864,0.9702,0.12,1.04,0.8141,True
000049,2,Car,21.82,2,0.0,52.6,140,140,0.9718,0.35,0.58,0.5143,True
000049,3,Car,24.83,2,0.0,44.7,73,73,0.9655,0.23,0.69,0.4731,True
000049,4,Car,32.49,2,0.0,32.3,18,18,0.9577,0.21,0.62,0.0884,True
000049,5,Van,45.7,3,0.0,36.7,79,79,0.9644,0.2,0.56,0.7251,True
000049,6,Pedestrian,4.71,3,0.29,185.9,807,719,0.7279,-5.72,0.16,0.8368,True
000049,7,Car,9.53,1,0.0,138.5,548,548,0.9822,0.4,0.26,0.756,True
000049,8,Car,14.89,1,0.0,78.2,423,423,0.9809,0.2,0.0,0.6918,True
000049,9,Car,20.2,2,0.0,68.8,181,181,0.9694,0.37,0.8,0.781,True
000049,10,Pedestrian,32.55,0,0.0,36.5,42,42,0.7023,-2.91,0.11,0.6579,True
000049,11,Car,31.83,2,0.0,40.7,74,74,0.9734,0.14,0.27,0.4851,True
000049,12,Car,12.04,3,0.07,102.0,435,435,0.9813,-0.02,0.8,0.7134,True
000049,13,Car,17.23,1,0.0,66.9,308,308,0.9775,0.3,0.59,0.5958,True
000049,14,Car,35.67,2,0.0,32.7,2,2,0.9709,-0.01,0.38,0.0,False
000049,15,Car,21.69,2,0.0,53.2,8,8,0.9771,0.1,0.56,0.0676,True
000049,16,Van,32.04,3,0.0,60.2,261,261,0.9745,0.27,0.25,0.4615,True
000049,17,Car,17.43,3,0.38,70.2,56,49,0.9681,-0.15,1.05,0.4431,True
000061,0,Van,15.23,3,0.05,144.3,969,969,0.97,0.97,1.45,0.7691,True
000061,1,Car,10.93,3,0.79,115.8,438,108,0.8721,0.04,6.96,0.6896,True
000061,2,Car,33.21,2,0.0,36.4,3,3,0.9727,0.03,-0.0,0.0,False
000061,3,Car,16.63,1,0.14,79.5,131,131,0.9591,-0.29,0.8,0.4839,True
000061,4,Misc,34.42,3,0.0,23.9,70,70,0.9503,0.24,0.15,0.6499,True
000061,5,Van,40.44,3,0.0,46.2,14,14,0.9668,0.2,-0.03,0.0,False
