frame,obj,type,depth_m,occluded,truncated,gt_h_px,n_pts_3d,n_pts_img,iou_corners,iou_points,points_box_ok
scene-0103_000,0,Pedestrian,36.53,2,0.0,62.1,1,1,1.0,0.0,False
scene-0103_000,1,Pedestrian,16.92,0,0.0,145.6,8,8,1.0,0.3571,True
scene-0103_000,2,Pedestrian,29.25,0,0.0,86.4,4,4,1.0,0.0,False
scene-0103_000,3,Car,42.44,0,0.0,48.5,3,3,1.0,0.0,False
scene-0103_000,4,Pedestrian,18.76,0,0.0,119.6,9,9,1.0,0.2596,True
scene-0103_000,5,Pedestrian,26.52,0,0.0,90.7,5,5,1.0,0.2221,True
scene-0103_000,6,Pedestrian,36.25,0,0.0,56.9,2,2,1.0,0.0,False
scene-0103_000,7,Pedestrian,36.63,2,0.0,62.9,1,1,1.0,0.0,False
scene-0103_000,8,Pedestrian,31.49,0,0.0,76.1,4,4,1.0,0.0,False
scene-0103_000,9,Car,72.45,0,0.0,28.2,0,0,1.0,0.0,False
scene-0103_000,10,Pedestrian,53.72,0,0.0,40.3,1,1,1.0,0.0,False
scene-0103_000,11,Pedestrian,52.62,0,0.0,44.1,1,1,1.0,0.0,False
scene-0103_000,12,Pedestrian,27.89,2,0.0,70.8,3,3,1.0,0.0,False
scene-0103_000,13,Pedestrian,36.91,0,0.0,67.3,3,3,1.0,0.0,False
scene-0103_001,0,Pedestrian,31.6,0,0.0,71.9,1,1,1.0,0.0,False
scene-0103_001,1,Pedestrian,12.06,0,0.22,207.0,15,14,1.0,0.2399,True
scene-0103_001,2,Pedestrian,24.22,0,0.0,104.7,5,5,1.0,0.1475,True
scene-0103_001,3,Pedestrian,31.62,0,0.0,64.3,2,2,1.0,0.0,False
scene-0103_001,4,Car,40.99,0,0.0,50.1,2,2,1.0,0.0,False
scene-0103_001,5,Car,63.09,2,0.0,34.0,1,1,1.0,0.0,False
scene-0103_001,6,Pedestrian,23.18,0,0.0,104.2,4,4,1.0,0.0,False
scene-0103_001,7,Pedestrian,31.89,2,0.0,64.8,0,0,1.0,0.0,False
scene-0103_001,8,Pedestrian,32.09,2,0.0,72.2,1,1,1.0,0.0,False
scene-0103_001,9,Pedestrian,26.94,0,0.0,89.1,5,5,1.0,0.2419,True
scene-0103_001,10,Car,64.34,0,0.0,32.0,0,0,1.0,0.0,False
scene-0103_001,11,Pedestrian,49.96,0,0.0,43.4,2,2,1.0,0.0,False
scene-0103_001,12,Pedestrian,29.05,0,0.0,79.1,3,3,1.0,0.0,False
scene-0103_001,13,Car,76.75,1,0.0,27.7,1,1,1.0,0.0,False
scene-0103_001,14,Car,39.35,0,0.0,62.4,3,3,1.0,0.0,False
scene-0103_001,15,Pedestrian,49.31,0,0.0,47.1,2,2,1.0,0.0,False
scene-0103_001,16,Pedestrian,23.39,2,0.0,84.9,5,5,1.0,0.1941,True
scene-0103_001,17,Pedestrian,31.93,0,0.0,77.9,3,3,1.0,0.0,False
scene-0103_001,18,Pedestrian,25.19,0,0.0,93.7,6,6,1.0,0.2316,True
scene-0103_002,0,Pedestrian,26.62,0,0.0,85.8,4,4,1.0,0.0,False
scene-0103_002,1,Pedestrian,19.46,0,0.0,130.8,11,11,1.0,0.3144,True
scene-0103_002,2,Pedestrian,27.3,0,0.0,74.6,3,3,1.0,0.0,False
scene-0103_002,3,Car,40.16,0,0.0,51.4,4,4,1.0,0.0,False
scene-0103_002,4,Car,58.87,2,0.0,36.7,0,0,1.0,0.0,False
scene-0103_002,5,Pedestrian,19.98,0,0.0,121.3,8,8,1.0,0.3404,True
scene-0103_002,6,Pedestrian,27.66,0,0.0,74.7,3,3,1.0,0.0,False
scene-0103_002,7,Pedestrian,27.44,1,0.0,84.8,2,2,1.0,0.0,False
scene-0103_002,8,Pedestrian,22.32,0,0.0,108.3,4,4,1.0,0.0,False
scene-0103_002,9,Car,56.27,0,0.0,37.0,0,0,1.0,0.0,False
scene-0103_002,10,Car,43.3,2,0.0,48.8,1,1,1.0,0.0,False
scene-0103_002,11,Pedestrian,46.17,0,0.0,47.0,1,1,1.0,0.0,False
scene-0103_002,12,Pedestrian,24.53,0,0.0,93.9,4,4,1.0,0.0,False
scene-0103_002,13,Car,72.61,1,0.0,29.7,0,0,1.0,0.0,False
scene-0103_002,14,Car,31.49,0,0.0,80.4,0,0,1.0,0.0,False
scene-0103_002,15,Pedestrian,28.51,2,0.0,80.2,2,2,1.0,0.0,False
scene-0103_002,16,Pedestrian,46.18,0,0.0,50.3,1,1,1.0,0.0,False
scene-0103_002,17,Truck,105.42,2,0.0,37.2,3,3,1.0,0.0,False
scene-0103_002,18,Pedestrian,26.9,2,0.0,93.2,2,2,1.0,0.0,False
scene-0103_002,19,Pedestrian,21.95,0,0.0,107.9,3,3,1.0,0.0,False
scene-0103_003,0,Pedestrian,21.64,0,0.0,105.1,5,5,1.0,0.1081,True
scene-0103_003,1,Pedestrian,14.68,0,0.0,175.2,13,13,1.0,0.285,True
scene-0103_003,2,Pedestrian,23.01,0,0.0,88.2,4,4,1.0,0.0,False
scene-0103_003,3,Car,39.8,0,0.0,49.7,7,7,1.0,0.0,False
scene-0103_003,4,Pedestrian,42.21,0,0.0,40.4,1,1,1.0,0.0,False
scene-0103_003,5,Car,54.64,1,0.0,39.3,0,0,1.0,0.0,False
scene-0103_003,6,Pedestrian,16.83,0,0.0,144.2,4,4,1.0,0.0,False
scene-0103_003,7,Pedestrian,23.44,2,0.0,87.9,0,0,1.0,0.0,False
scene-0103_003,8,Pedestrian,17.86,0,0.0,135.0,8,8,1.0,0.1814,True
scene-0103_003,9,Car,48.17,0,0.0,42.7,4,4,1.0,0.0,False
scene-0103_003,10,Car,38.93,2,0.0,53.2,0,0,1.0,0.0,False
scene-0103_003,11,Pedestrian,42.38,0,0.0,51.0,1,1,1.0,0.0,False
scene-0103_003,12,Pedestrian,20.06,0,0.0,114.8,3,3,1.0,0.0,False
scene-0103_003,13,Car,68.46,1,0.0,30.9,0,0,1.0,0.0,False
scene-0103_003,14,Car,22.72,0,0.0,111.5,12,12,1.0,0.2923,True
scene-0103_003,15,Pedestrian,24.5,0,0.0,93.3,4,4,1.0,0.0,False
scene-0103_003,16,Pedestrian,43.09,0,0.0,53.9,1,1,1.0,0.0,False
scene-0103_003,17,Pedestrian,60.38,0,0.0,36.4,1,1,1.0,0.0,False
scene-0103_003,18,Truck,101.41,2,0.0,38.8,0,0,1.0,0.0,False
scene-0103_003,19,Pedestrian,21.87,2,0.0,114.0,4,4,1.0,0.0,False
scene-0103_003,20,Pedestrian,18.72,2,0.0,126.5,1,1,1.0,0.0,False
scene-0103_004,0,Pedestrian,16.63,0,0.34,136.8,9,8,1.0,0.2257,True
scene-0103_004,1,Pedestrian,18.7,0,0.0,109.0,6,6,1.0,0.1573,True
scene-0103_004,2,Car,40.48,0,0.0,48.8,1,1,1.0,0.0,False
scene-0103_004,3,Pedestrian,38.29,2,0.0,44.4,0,0,1.0,0.0,False
scene-0103_004,4,Car,50.38,1,0.0,42.8,0,0,1.0,0.0,False
scene-0103_004,5,Pedestrian,13.64,0,0.91,179.0,10,0,1.0,0.0,False
scene-0103_004,6,Pedestrian,19.15,0,0.0,107.7,6,6,1.0,0.1407,True
scene-0103_004,7,Car,49.69,2,0.0,43.9,1,1,1.0,0.0,False
scene-0103_004,8,Pedestrian,13.49,0,0.0,179.7,16,16,1.0,0.3506,True
scene-0103_004,9,Car,39.68,0,0.0,52.4,0,0,1.0,0.0,False
scene-0103_004,10,Car,34.52,0,0.0,59.7,1,1,1.0,0.0,False
scene-0103_004,11,Pedestrian,38.54,2,0.0,56.1,1,1,1.0,0.0,False
scene-0103_004,12,Pedestrian,15.7,0,0.0,147.7,8,8,1.0,0.182,True
scene-0103_004,13,Pedestrian,21.26,0,0.0,95.3,3,3,1.0,0.0,False
scene-0103_004,14,Car,64.22,1,0.0,33.0,0,0,1.0,0.0,False
scene-0103_004,15,bicycle_rack,82.02,2,0.0,25.9,1,1,1.0,0.0,False
scene-0103_004,16,Car,13.89,0,0.0,197.6,53,53,1.0,0.5259,True
scene-0103_004,17,Car,48.29,0,0.0,41.8,5,5,1.0,0.0,False
scene-0103_004,18,Pedestrian,20.44,2,0.0,112.3,2,2,1.0,0.0,False
scene-0103_004,19,Pedestrian,39.94,0,0.0,58.2,1,1,1.0,0.0,False
scene-0103_004,20,Pedestrian,57.41,0,0.0,38.3,0,0,1.0,0.0,False
scene-0103_004,21,Truck,97.3,2,0.0,41.6,1,1,1.0,0.0,False
scene-0103_004,22,Pedestrian,15.47,0,0.38,153.7,7,4,1.0,0.0,False
scene-0103_005,0,Pedestrian,14.21,0,0.0,144.3,13,13,1.0,0.3655,True
scene-0103_005,1,Car,39.76,0,0.0,49.7,2,2,1.0,0.0,False
scene-0103_005,2,Pedestrian,34.27,0,0.0,49.7,2,2,1.0,0.0,False
scene-0103_005,3,Car,45.99,0,0.0,47.2,0,0,1.0,0.0,False
scene-0103_005,4,Pedestrian,14.61,0,0.07,141.7,9,9,1.0,0.3378,True
scene-0103_005,5,Car,45.02,2,0.0,48.6,6,6,1.0,0.0,False
scene-0103_005,6,Car,31.02,0,0.0,68.2,0,0,1.0,0.0,False
scene-0103_005,7,Car,29.99,0,0.0,69.5,2,2,1.0,0.0,False
scene-0103_005,8,Pedestrian,34.6,0,0.0,62.6,3,3,1.0,0.0,False
scene-0103_005,9,Pedestrian,16.76,0,0.0,121.5,6,6,1.0,0.2898,True
scene-0103_005,10,Car,59.84,2,0.0,36.7,0,0,1.0,0.0,False
scene-0103_005,11,bicycle_rack,77.69,2,0.0,30.5,0,0,1.0,0.0,False
scene-0103_005,12,Car,4.99,0,0.89,634.6,493,69,1.0,0.343,True
scene-0103_005,13,Car,44.17,0,0.0,46.5,0,0,1.0,0.0,False
scene-0103_005,14,Pedestrian,16.05,2,0.0,143.7,2,2,1.0,0.0,False
scene-0103_005,15,Pedestrian,36.62,0,0.0,63.5,1,1,1.0,0.0,False
scene-0103_005,16,Pedestrian,54.23,0,0.0,40.8,1,1,1.0,0.0,False
scene-0103_005,17,Truck,93.0,2,0.0,44.8,2,2,1.0,0.0,False
scene-0103_005,18,Car,66.44,0,0.0,32.1,0,0,1.0,0.0,False
scene-0103_005,19,Pedestrian,54.65,0,0.0,41.9,1,1,1.0,0.0,False
scene-0103_006,0,Car,40.15,0,0.0,49.2,6,6,1.0,0.0,False
scene-0103_006,1,Pedestrian,30.26,0,0.0,56.3,2,2,1.0,0.0,False
scene-0103_006,2,Car,41.51,2,0.0,52.4,3,3,1.0,0.0,False
scene-0103_006,3,Car,40.31,2,0.0,54.5,7,7,1.0,0.0,False
scene-0103_006,4,Car,22.25,0,0.0,98.1,19,19,1.0,0.2719,True
scene-0103_006,5,Car,25.35,0,0.0,83.5,13,13,1.0,0.1905,True
scene-0103_006,6,Pedestrian,30.53,0,0.0,71.1,3,3,1.0,0.0,False
scene-0103_006,7,Pedestrian,12.23,0,0.49,167.6,10,5,1.0,0.3017,True
scene-0103_006,8,Car,55.36,2,0.0,38.5,0,0,1.0,0.0,False
scene-0103_006,9,bicycle_rack,73.29,1,0.0,27.2,0,0,1.0,0.0,False
scene-0103_006,10,Car,40.14,0,0.0,50.8,0,0,1.0,0.0,False
scene-0103_006,11,Pedestrian,33.32,0,0.0,69.9,3,3,1.0,0.0,False
scene-0103_006,12,Pedestrian,51.09,0,0.0,43.1,1,1,1.0,0.0,False
scene-0103_006,13,Truck,88.64,2,0.0,45.3,1,1,1.0,0.0,False
scene-0103_006,14,Car,59.92,0,0.0,33.7,0,0,1.0,0.0,False
scene-0103_006,15,Pedestrian,50.2,0,0.0,45.3,1,1,1.0,0.0,False
scene-0103_007,0,Car,40.31,0,0.0,49.0,1,1,1.0,0.0,False
scene-0103_007,1,Pedestrian,26.24,0,0.0,65.3,2,2,1.0,0.0,False
scene-0103_007,2,Car,36.95,2,0.0,59.2,7,7,1.0,0.3123,True
scene-0103_007,3,Car,35.71,2,0.0,61.8,2,2,1.0,0.0,False
scene-0103_007,4,Car,12.69,0,0.0,188.3,90,90,1.0,0.5794,True
scene-0103_007,5,Car,20.76,2,0.0,104.8,11,11,1.0,0.3228,True
scene-0103_007,6,TrafficCone,33.0,0,0.0,29.2,1,1,1.0,0.0,False
scene-0103_007,7,Pedestrian,26.44,0,0.0,82.2,2,2,1.0,0.0,False
scene-0103_007,8,Car,67.39,0,0.0,30.2,0,0,1.0,0.0,False
scene-0103_007,9,Car,50.77,2,0.0,42.2,0,0,1.0,0.0,False
scene-0103_007,10,bicycle_rack,68.73,1,0.0,28.5,1,1,1.0,0.0,False
scene-0103_007,11,Car,35.88,0,0.0,57.3,8,8,1.0,0.0,False
scene-0103_007,12,Pedestrian,29.76,0,0.0,78.4,5,5,1.0,0.1634,True
scene-0103_007,13,Pedestrian,47.66,0,0.0,46.2,0,0,1.0,0.0,False
scene-0103_007,14,Truck,84.12,2,0.0,46.9,2,2,1.0,0.0,False
scene-0103_007,15,Car,53.22,0,0.0,37.9,1,1,1.0,0.0,False
scene-0103_007,16,Pedestrian,45.44,0,0.0,50.1,2,2,1.0,0.0,False
scene-0103_008,0,Car,40.82,0,0.0,48.9,1,1,1.0,0.0,False
scene-0103_008,1,Pedestrian,22.27,0,0.0,77.7,2,2,1.0,0.0,False
scene-0103_008,2,Car,32.49,0,0.0,69.1,5,5,1.0,0.0089,True
scene-0103_008,3,Car,31.04,2,0.0,73.2,1,1,1.0,0.0,False
scene-0103_008,4,Car,3.11,0,0.99,419.3,1079,52,1.0,0.3709,True
scene-0103_008,5,Car,16.2,0,0.0,147.5,48,48,1.0,0.3983,True
scene-0103_008,6,TrafficCone,28.62,0,0.0,34.0,1,1,1.0,0.0,False
scene-0103_008,7,Pedestrian,22.45,0,0.0,97.7,1,1,1.0,0.0,False
scene-0103_008,8,Car,63.11,0,0.0,32.3,0,0,1.0,0.0,False
scene-0103_008,9,Car,46.18,2,0.0,47.8,0,0,1.0,0.0,False
scene-0103_008,10,bicycle_rack,64.17,2,0.0,33.1,2,2,1.0,0.0,False
scene-0103_008,11,Car,31.47,0,0.0,67.2,7,7,1.0,0.0,False
scene-0103_008,12,Pedestrian,26.09,0,0.0,89.6,5,5,1.0,0.1273,True
scene-0103_008,13,Pedestrian,44.12,2,0.0,49.9,0,0,1.0,0.0,False
scene-0103_008,14,Truck,79.57,2,0.0,49.7,3,3,1.0,0.0,False
scene-0103_008,15,Car,46.49,0,0.0,44.3,0,0,1.0,0.0,False
scene-0103_008,16,Pedestrian,40.4,0,0.0,56.4,2,2,1.0,0.0,False
scene-0103_009,0,Car,41.29,0,0.0,48.9,2,2,1.0,0.0,False
scene-0103_009,1,Pedestrian,18.4,2,0.3,94.4,1,1,1.0,0.0,False
scene-0103_009,2,Car,28.14,0,0.0,81.3,10,10,1.0,0.2136,True
scene-0103_009,3,Car,63.77,2,0.0,34.3,1,1,1.0,0.0,False
scene-0103_009,4,Car,26.54,2,0.0,86.7,7,7,1.0,0.2413,True
scene-0103_009,5,Car,11.68,0,0.53,221.0,100,56,1.0,0.4273,True
scene-0103_009,6,TrafficCone,24.16,0,0.0,40.6,1,1,1.0,0.0,False
scene-0103_009,7,Pedestrian,18.55,2,0.81,118.6,1,1,1.0,0.0,False
scene-0103_009,8,Car,58.73,0,0.0,35.1,2,2,1.0,0.0,False
scene-0103_009,9,Car,41.71,2,0.0,54.1,1,1,1.0,0.0,False
scene-0103_009,10,bicycle_rack,59.64,2,0.0,36.9,0,0,1.0,0.0,False
scene-0103_009,11,Car,26.99,0,0.0,80.8,18,18,1.0,0.2568,True
scene-0103_009,12,Pedestrian,22.31,0,0.0,105.0,9,9,1.0,0.2808,True
scene-0103_009,13,Pedestrian,40.45,0,0.0,54.6,0,0,1.0,0.0,False
scene-0103_009,14,Truck,75.04,2,0.0,52.8,2,2,1.0,0.0,False
scene-0103_009,15,Car,39.76,0,0.0,52.9,0,0,1.0,0.0,False
scene-0103_009,16,Pedestrian,35.24,2,0.0,64.9,1,1,1.0,0.0,False
scene-0103_010,0,Car,41.49,0,0.0,47.5,7,7,1.0,0.0,False
scene-0103_010,1,Car,23.89,0,0.0,94.7,16,16,1.0,0.1885,True
scene-0103_010,2,Car,59.31,2,0.0,36.9,0,0,1.0,0.0,False
scene-0103_010,3,Car,22.18,0,0.48,104.4,24,15,1.0,0.2565,True
scene-0103_010,4,Car,7.37,0,0.99,403.9,250,0,1.0,0.0,False
scene-0103_010,5,TrafficCone,19.73,0,0.0,49.6,0,0,1.0,0.0,False
scene-0103_010,6,Car,54.3,0,0.0,37.7,0,0,1.0,0.0,False
scene-0103_010,7,Car,37.3,2,0.0,59.8,1,1,1.0,0.0,False
scene-0103_010,8,bicycle_rack,55.26,2,0.0,37.4,5,5,1.0,0.0,False
scene-0103_010,9,Car,22.56,0,0.0,95.1,24,24,1.0,0.2307,True
scene-0103_010,10,Pedestrian,18.55,0,0.0,126.8,9,9,1.0,0.3251,True
scene-0103_010,11,Pedestrian,36.8,0,0.0,59.9,2,2,1.0,0.0,False
scene-0103_010,12,Truck,70.65,2,0.0,56.3,4,4,1.0,0.0,False
scene-0103_010,13,Car,34.93,0,0.0,59.3,0,0,1.0,0.0,False
scene-0103_010,14,Pedestrian,30.11,0,0.0,75.9,3,3,1.0,0.0,False
scene-0103_011,0,Car,43.59,0,0.0,45.0,1,1,1.0,0.0,False
scene-0103_011,1,Car,20.06,0,0.0,113.6,43,43,1.0,0.3876,True
scene-0103_011,2,Car,55.34,0,0.0,39.7,1,1,1.0,0.0,False
scene-0103_011,3,Car,18.3,0,0.91,127.5,31,0,1.0,0.0,False
scene-0103_011,4,TrafficCone,15.78,0,0.0,61.9,0,0,1.0,0.0,False
scene-0103_011,5,Car,50.35,0,0.0,40.8,1,1,1.0,0.0,False
scene-0103_011,6,Car,33.38,2,0.0,65.8,1,1,1.0,0.0,False
scene-0103_011,7,bicycle_rack,51.33,2,0.0,39.8,1,1,1.0,0.0,False
scene-0103_011,8,Car,18.66,0,0.0,117.8,33,33,1.0,0.4001,True
scene-0103_011,9,Pedestrian,15.27,0,0.35,154.9,13,12,1.0,0.5163,True
scene-0103_011,10,Pedestrian,33.63,2,0.0,65.7,2,2,1.0,0.0,False
scene-0103_011,11,Truck,66.76,2,0.0,59.7,3,3,1.0,0.0,False
scene-0103_011,12,Car,30.55,0,0.0,68.5,1,1,1.0,0.0,False
scene-0103_011,13,Pedestrian,25.5,0,0.0,89.9,3,3,1.0,0.0,False
scene-0103_012,0,Car,16.9,0,0.0,137.7,38,38,1.0,0.3631,True
scene-0103_012,1,Car,52.06,0,0.0,42.3,0,0,1.0,0.0,False
scene-0103_012,2,TrafficCone,12.48,0,0.0,79.0,1,1,1.0,0.0,False
scene-0103_012,3,Car,57.74,2,0.0,45.3,1,1,1.0,0.0,False
scene-0103_012,4,Car,47.05,0,0.0,43.7,4,4,1.0,0.0,False
scene-0103_012,5,Car,30.04,2,0.0,74.3,1,1,1.0,0.0,False
scene-0103_012,6,bicycle_rack,48.0,2,0.0,43.0,3,3,1.0,0.0,False
scene-0103_012,7,Car,15.41,0,0.0,147.3,60,60,1.0,0.5371,True
scene-0103_012,8,Pedestrian,31.12,2,0.0,71.0,1,1,1.0,0.0,False
scene-0103_012,9,Truck,63.44,2,0.0,63.0,1,1,1.0,0.0,False
scene-0103_012,10,Car,26.79,0,0.0,79.1,11,11,1.0,0.2546,True
scene-0103_012,11,Car,86.85,2,0.0,28.9,1,1,1.0,0.0,False
scene-0103_012,12,Pedestrian,21.54,0,0.0,106.6,3,3,1.0,0.0,False
scene-0103_012,13,Car,36.54,1,0.0,72.0,2,2,1.0,0.0,False
scene-0103_013,0,Car,56.41,2,0.0,46.4,1,1,1.0,0.0,False
scene-0103_013,1,Car,14.93,0,0.0,159.0,71,71,1.0,0.5172,True
scene-0103_013,2,Car,49.96,0,0.0,44.1,0,0,1.0,0.0,False
scene-0103_013,3,TrafficCone,10.36,0,0.05,95.8,1,1,1.0,0.0,False
scene-0103_013,4,Car,55.64,2,0.0,47.1,1,1,1.0,0.0,False
scene-0103_013,5,Car,44.93,0,0.0,45.9,3,3,1.0,0.0,False
scene-0103_013,6,Car,27.87,2,0.0,81.2,3,3,1.0,0.0,False
scene-0103_013,7,bicycle_rack,45.86,2,0.0,45.4,2,2,1.0,0.0,False
scene-0103_013,8,Car,13.33,0,0.0,175.3,89,89,1.0,0.469,True
scene-0103_013,9,Pedestrian,29.8,2,0.0,74.2,4,4,1.0,0.0,False
scene-0103_013,10,Truck,61.3,1,0.0,65.3,1,1,1.0,0.0,False
scene-0103_013,11,Car,31.33,2,0.0,71.7,2,2,1.0,0.0,False
scene-0103_013,12,Car,24.66,0,0.0,86.6,16,16,1.0,0.2998,True
scene-0103_013,13,Car,84.73,2,0.0,29.6,1,1,1.0,0.0,False
scene-0103_013,14,Pedestrian,18.75,0,0.0,122.8,6,6,1.0,0.1578,True
scene-0103_013,15,Car,34.36,1,0.0,77.0,1,1,1.0,0.0,False
scene-0103_014,0,Car,54.35,2,0.0,48.3,0,0,1.0,0.0,False
scene-0103_014,1,Car,13.25,0,0.0,183.2,109,109,1.0,0.5024,True
scene-0103_014,2,Car,47.88,0,0.0,46.1,0,0,1.0,0.0,False
scene-0103_014,3,Pedestrian,20.65,2,0.0,104.0,2,2,1.0,0.0,False
scene-0103_014,4,Pedestrian,20.9,2,0.0,107.7,1,1,1.0,0.0,False
scene-0103_014,5,Car,53.56,2,0.0,49.1,0,0,1.0,0.0,False
scene-0103_014,6,Car,42.86,0,0.0,48.2,4,4,1.0,0.0,False
scene-0103_014,7,Car,25.67,2,0.0,89.4,1,1,1.0,0.0,False
scene-0103_014,8,bicycle_rack,43.79,2,0.0,48.0,1,1,1.0,0.0,False
scene-0103_014,9,Car,11.31,0,0.0,215.0,129,129,1.0,0.5468,True
scene-0103_014,10,Pedestrian,28.6,2,0.0,77.4,2,2,1.0,0.0,False
scene-0103_014,11,Truck,59.23,1,0.0,67.8,1,1,1.0,0.0,False
scene-0103_014,12,Car,29.25,2,0.0,77.2,1,1,1.0,0.0,False
scene-0103_014,13,Car,22.6,0,0.0,95.4,14,14,1.0,0.2604,True
scene-0103_014,14,Car,82.66,2,0.0,30.4,1,1,1.0,0.0,False
scene-0103_014,15,Pedestrian,16.01,1,0.0,144.5,5,5,1.0,0.1663,True
scene-0103_014,16,Car,32.26,2,0.0,82.4,2,2,1.0,0.0,False
scene-0103_015,0,Car,52.89,2,0.0,49.7,0,0,1.0,0.0,False
scene-0103_015,1,Car,12.21,0,0.0,202.8,157,157,1.0,0.6,True
scene-0103_015,2,Car,46.42,1,0.0,47.6,0,0,1.0,0.0,False
scene-0103_015,3,Pedestrian,18.42,0,0.42,117.0,5,4,1.0,0.0,False
scene-0103_015,4,Pedestrian,18.93,0,0.0,119.2,4,4,1.0,0.0,False
scene-0103_015,5,Car,52.09,2,0.0,50.5,0,0,1.0,0.0,False
scene-0103_015,6,Car,41.39,0,0.0,50.0,6,6,1.0,0.0,False
scene-0103_015,7,Car,24.08,2,0.0,97.3,2,2,1.0,0.0,False
scene-0103_015,8,bicycle_rack,42.33,2,0.0,50.9,0,0,1.0,0.0,False
scene-0103_015,9,Car,9.83,0,0.27,257.5,186,160,1.0,0.6331,True
scene-0103_015,10,Motorcycle,41.16,0,0.0,41.8,0,0,1.0,0.0,False
scene-0103_015,11,Pedestrian,28.02,2,0.0,79.0,1,1,1.0,0.0,False
scene-0103_015,12,Truck,57.77,1,0.0,69.6,1,1,1.0,0.0,False
scene-0103_015,13,Car,27.79,2,0.0,81.6,2,2,1.0,0.0,False
scene-0103_015,14,Car,21.15,0,0.0,102.8,21,21,1.0,0.3714,True
scene-0103_015,15,Car,81.19,2,0.0,30.9,0,0,1.0,0.0,False
scene-0103_015,16,Pedestrian,13.75,1,0.57,168.8,9,4,1.0,0.0,False
scene-0103_015,17,Car,30.8,2,0.0,86.6,1,1,1.0,0.0,False
scene-0103_016,0,Car,51.97,2,0.0,50.6,0,0,1.0,0.0,False
scene-0103_016,1,Car,12.26,0,0.0,207.9,140,140,1.0,0.5256,True
scene-0103_016,2,Car,45.47,1,0.0,48.7,0,0,1.0,0.0,False
scene-0103_016,3,Pedestrian,17.5,0,0.52,129.4,8,4,1.0,0.0,False
scene-0103_016,4,Car,51.15,2,0.0,51.5,0,0,1.0,0.0,False
scene-0103_016,5,Car,40.45,0,0.0,51.2,4,4,1.0,0.0,False
scene-0103_016,6,Car,23.03,2,0.0,104.2,0,0,1.0,0.0,False
scene-0103_016,7,bicycle_rack,41.39,2,0.0,55.0,2,2,1.0,0.0,False
scene-0103_016,8,Car,65.09,2,0.0,40.1,0,0,1.0,0.0,False
scene-0103_016,9,Car,8.84,0,0.43,296.9,242,161,1.0,0.6719,True
scene-0103_016,10,Motorcycle,40.22,0,0.0,42.8,0,0,1.0,0.0,False
scene-0103_016,11,Pedestrian,27.77,0,0.0,79.7,4,4,1.0,0.0,False
scene-0103_016,12,Truck,56.83,1,0.0,70.8,7,7,1.0,0.2719,True
scene-0103_016,13,Car,26.87,2,0.0,84.6,1,1,1.0,0.0,False
scene-0103_016,14,Car,20.14,2,0.0,111.0,5,5,1.0,0.0107,True
scene-0103_016,15,Car,80.25,2,0.0,31.3,1,1,1.0,0.0,False
scene-0103_016,16,Car,29.85,2,0.0,89.6,0,0,1.0,0.0,False
scene-0103_017,0,Car,51.25,2,0.0,51.3,0,0,1.0,0.0,False
scene-0103_017,1,Car,40.74,2,0.78,62.9,1,0,1.0,0.0,False
scene-0103_017,2,Car,12.75,0,0.0,202.9,109,109,1.0,0.6095,True
scene-0103_017,3,Car,44.73,1,0.0,49.5,0,0,1.0,0.0,False
scene-0103_017,4,Car,77.15,2,0.0,36.6,0,0,1.0,0.0,False
scene-0103_017,5,Car,50.51,2,0.0,51.1,1,1,1.0,0.0,False
scene-0103_017,6,Car,50.41,2,0.0,52.3,0,0,1.0,0.0,False
scene-0103_017,7,Car,39.71,0,0.0,52.2,6,6,1.0,0.0,False
scene-0103_017,8,Car,56.48,2,0.0,43.5,1,1,1.0,0.0,False
scene-0103_017,9,Car,22.16,2,0.0,109.8,27,27,1.0,0.347,True
scene-0103_017,10,bicycle_rack,40.64,2,0.0,57.3,0,0,1.0,0.0,False
scene-0103_017,11,Car,64.34,2,0.0,40.6,0,0,1.0,0.0,False
scene-0103_017,12,Car,8.04,0,0.55,339.1,270,136,1.0,0.5919,True
scene-0103_017,13,Motorcycle,39.47,0,0.0,43.7,0,0,1.0,0.0,False
scene-0103_017,14,Pedestrian,27.73,0,0.0,79.8,3,3,1.0,0.0,False
scene-0103_017,15,Truck,56.08,2,0.0,71.8,9,9,1.0,0.2642,True
scene-0103_017,16,Car,25.96,2,0.0,87.9,7,7,1.0,0.007,True
scene-0103_017,17,Car,18.82,2,0.0,121.8,0,0,1.0,0.0,False
scene-0103_017,18,Car,79.5,2,0.0,31.6,0,0,1.0,0.0,False
scene-0103_017,19,Car,25.94,2,0.77,96.5,0,0,1.0,0.0,False
scene-0103_017,20,Car,29.09,2,0.0,92.2,0,0,1.0,0.0,False
scene-0103_017,21,Car,44.44,2,0.0,55.5,2,2,1.0,0.0,False
scene-0103_018,0,Car,50.46,2,0.0,52.2,0,0,1.0,0.0,False
scene-0103_018,1,Car,39.96,2,0.85,64.3,1,0,1.0,0.0,False
scene-0103_018,2,Car,13.36,0,0.0,194.7,88,88,1.0,0.5222,True
scene-0103_018,3,Car,43.93,0,0.0,50.5,1,1,1.0,0.0,False
scene-0103_018,4,Car,76.3,2,0.0,37.0,0,0,1.0,0.0,False
scene-0103_018,5,Car,49.7,2,0.0,52.0,0,0,1.0,0.0,False
scene-0103_018,6,Car,49.6,2,0.0,53.2,0,0,1.0,0.0,False
scene-0103_018,7,Car,38.69,0,0.0,53.6,2,2,1.0,0.0,False
scene-0103_018,8,Car,55.66,2,0.0,44.2,0,0,1.0,0.0,False
scene-0103_018,9,Car,21.2,0,0.0,115.9,32,32,1.0,0.4666,True
scene-0103_018,10,bicycle_rack,39.78,2,0.0,59.1,0,0,1.0,0.0,False
scene-0103_018,11,Car,63.48,2,0.0,41.2,0,0,1.0,0.0,False
scene-0103_018,12,Car,7.16,0,0.67,411.7,349,128,1.0,0.5726,True
scene-0103_018,13,Motorcycle,38.65,0,0.0,44.6,0,0,1.0,0.0,False
scene-0103_018,14,Car,49.45,2,0.0,48.6,1,1,1.0,0.0,False
scene-0103_018,15,Pedestrian,27.61,0,0.0,80.2,1,1,1.0,0.0,False
scene-0103_018,16,Truck,55.22,2,0.0,73.0,5,5,1.0,0.0,False
scene-0103_018,17,Car,24.94,1,0.0,91.8,5,5,1.0,0.0065,True
scene-0103_018,18,Car,17.41,2,0.0,134.7,30,30,1.0,0.2822,True
scene-0103_018,19,Car,78.68,2,0.0,31.9,0,0,1.0,0.0,False
scene-0103_018,20,Car,25.14,2,0.85,99.9,0,0,1.0,0.0,False
scene-0103_018,21,Car,28.22,2,0.0,95.4,2,2,1.0,0.0,False
scene-0103_018,22,Car,43.62,2,0.0,56.6,0,0,1.0,0.0,False
scene-0103_019,0,Car,49.6,2,0.0,53.1,0,0,1.0,0.0,False
scene-0103_019,1,Car,39.1,2,0.93,65.8,0,0,1.0,0.0,False
scene-0103_019,2,Car,15.34,0,0.0,165.5,50,50,1.0,0.4815,True
scene-0103_019,3,Car,43.05,0,0.0,51.5,4,4,1.0,0.0,False
scene-0103_019,4,Car,75.37,2,0.0,37.6,0,0,1.0,0.0,False
scene-0103_019,5,Car,48.81,2,0.0,53.0,0,0,1.0,0.0,False
scene-0103_019,6,Car,48.72,2,0.0,54.2,1,1,1.0,0.0,False
scene-0103_019,7,Car,42.6,2,0.0,59.7,1,1,1.0,0.0,False
scene-0103_019,8,Car,37.78,0,0.0,55.2,2,2,1.0,0.0,False
scene-0103_019,9,Car,54.76,2,0.0,45.0,1,1,1.0,0.0,False
scene-0103_019,10,Car,20.3,2,0.0,122.8,29,29,1.0,0.4456,True
scene-0103_019,11,bicycle_rack,38.85,2,0.0,61.9,2,2,1.0,0.0,False
scene-0103_019,12,Car,62.55,2,0.0,42.2,1,1,1.0,0.0,False
scene-0103_019,13,Car,6.25,0,0.82,420.5,428,76,1.0,0.456,True
scene-0103_019,14,Motorcycle,37.75,0,0.0,45.8,0,0,1.0,0.0,False
scene-0103_019,15,Car,48.55,2,0.0,49.5,1,1,1.0,0.0,False
scene-0103_019,16,Pedestrian,27.41,2,0.0,80.8,3,3,1.0,0.0,False
scene-0103_019,17,Truck,54.29,0,0.0,74.3,5,5,1.0,0.139,True
scene-0103_019,18,Car,24.05,1,0.04,95.5,7,7,1.0,0.0335,True
scene-0103_019,19,Car,15.88,0,0.0,151.8,72,72,1.0,0.5573,True
scene-0103_019,20,Car,77.78,2,0.0,32.3,0,0,1.0,0.0,False
scene-0103_019,21,Car,24.22,2,0.94,104.0,2,0,1.0,0.0,False
scene-0103_019,22,Car,27.24,2,0.0,99.7,0,0,1.0,0.0,False
scene-0103_019,23,Car,42.71,2,0.0,57.9,0,0,1.0,0.0,False
scene-0103_020,0,Car,48.55,2,0.0,54.3,0,0,1.0,0.0,False
scene-0103_020,1,Pedestrian,55.6,2,0.0,40.8,1,1,1.0,0.0,False
scene-0103_020,2,Car,17.37,0,0.0,142.7,14,14,1.0,0.4289,True
scene-0103_020,3,Car,41.99,0,0.0,52.9,4,4,1.0,0.0,False
scene-0103_020,4,Car,74.35,2,0.0,38.2,1,1,1.0,0.0,False
scene-0103_020,5,Car,70.77,2,0.0,29.5,0,0,1.0,0.0,False
scene-0103_020,6,Car,47.75,2,0.0,54.2,0,0,1.0,0.0,False
scene-0103_020,7,Car,47.66,2,0.0,55.5,0,0,1.0,0.0,False
scene-0103_020,8,Car,79.06,2,0.0,39.7,1,1,1.0,0.0,False
scene-0103_020,9,Car,41.52,2,0.0,61.3,0,0,1.0,0.0,False
scene-0103_020,10,Car,36.74,0,0.0,57.1,10,10,1.0,0.4192,True
scene-0103_020,11,Car,53.71,2,0.0,45.9,1,1,1.0,0.0,False
scene-0103_020,12,Car,19.32,2,0.0,130.7,20,20,1.0,0.3319,True
scene-0103_020,13,bicycle_rack,37.84,1,0.0,64.2,6,6,1.0,0.2261,True
scene-0103_020,14,Car,61.54,2,0.0,43.1,1,1,1.0,0.0,False
scene-0103_020,15,Car,5.21,0,0.93,425.9,577,53,1.0,0.2726,True
scene-0103_020,16,Motorcycle,36.7,0,0.0,47.1,0,0,1.0,0.0,False
scene-0103_020,17,Car,47.51,2,0.0,50.7,0,0,1.0,0.0,False
scene-0103_020,18,Pedestrian,27.2,2,0.0,81.4,3,3,1.0,0.0,False
scene-0103_020,19,Truck,53.27,0,0.0,75.8,5,5,1.0,0.0,False
scene-0103_020,20,Car,23.0,1,0.22,100.3,3,3,1.0,0.0,False
scene-0103_020,21,Car,14.29,0,0.0,173.4,113,113,1.0,0.6709,True
scene-0103_020,22,Pedestrian,55.9,2,0.0,42.6,2,2,1.0,0.0,False
scene-0103_020,23,Car,76.73,2,0.0,32.8,0,0,1.0,0.0,False
scene-0103_020,24,Car,26.19,2,0.0,104.5,0,0,1.0,0.0,False
scene-0103_020,25,Car,41.67,2,0.0,59.4,0,0,1.0,0.0,False
scene-0103_021,0,Car,47.18,2,0.0,56.0,0,0,1.0,0.0,False
scene-0103_021,1,Pedestrian,55.04,2,0.0,41.3,1,1,1.0,0.0,False
scene-0103_021,2,Car,19.16,0,0.0,126.8,18,18,1.0,0.6188,True
scene-0103_021,3,Car,40.6,0,0.0,54.8,3,3,1.0,0.0,False
scene-0103_021,4,Car,73.0,2,0.0,39.0,0,0,1.0,0.0,False
scene-0103_021,5,Car,69.39,2,0.0,30.2,0,0,1.0,0.0,False
scene-0103_021,6,Car,46.37,2,0.0,55.9,1,1,1.0,0.0,False
scene-0103_021,7,Car,46.28,2,0.0,57.2,1,1,1.0,0.0,False
scene-0103_021,8,Car,77.71,2,0.0,40.4,0,0,1.0,0.0,False
scene-0103_021,9,Car,40.13,2,0.0,63.6,0,0,1.0,0.0,False
scene-0103_021,10,Car,35.37,0,0.0,59.5,10,10,1.0,0.3846,True
scene-0103_021,11,Car,52.34,2,0.0,47.1,1,1,1.0,0.0,False
scene-0103_021,12,Car,18.08,2,0.0,142.1,14,14,1.0,0.5735,True
scene-0103_021,13,bicycle_rack,36.48,0,0.0,68.6,9,9,1.0,0.2416,True
scene-0103_021,14,Car,60.18,2,0.0,44.2,1,1,1.0,0.0,False
scene-0103_021,15,Pedestrian,39.52,2,0.0,56.9,2,2,1.0,0.0,False
scene-0103_021,16,Car,3.84,0,0.99,448.8,830,5,1.0,0.0622,True
scene-0103_021,17,Motorcycle,35.31,0,0.0,49.0,0,0,1.0,0.0,False
scene-0103_021,18,Bicycle,74.06,0,0.0,33.2,0,0,1.0,0.0,False
scene-0103_021,19,Car,46.14,2,0.0,52.3,0,0,1.0,0.0,False
scene-0103_021,20,Pedestrian,26.67,2,0.0,83.0,3,3,1.0,0.0,False
scene-0103_021,21,Truck,51.9,0,0.0,78.0,6,6,1.0,0.1921,True
scene-0103_021,22,Car,21.62,0,0.44,107.4,3,2,1.0,0.0,False
scene-0103_021,23,Car,12.64,0,0.0,203.8,142,142,1.0,0.5821,True
scene-0103_021,24,Pedestrian,55.29,2,0.0,43.1,2,2,1.0,0.0,False
scene-0103_021,25,Car,75.37,2,0.0,33.4,0,0,1.0,0.0,False
scene-0103_021,26,Car,24.79,2,0.0,111.4,1,1,1.0,0.0,False
scene-0103_021,27,Car,40.3,2,0.0,61.6,0,0,1.0,0.0,False
scene-0103_022,0,Car,45.81,2,0.0,57.8,0,0,1.0,0.0,False
scene-0103_022,1,Pedestrian,54.46,2,0.0,41.7,2,2,1.0,0.0,False
scene-0103_022,2,Car,21.07,0,0.0,113.3,7,7,1.0,0.4279,True
scene-0103_022,3,Car,39.21,0,0.0,56.8,4,4,1.0,0.0,False
scene-0103_022,4,Car,71.62,2,0.0,39.9,0,0,1.0,0.0,False
scene-0103_022,5,Car,68.0,2,0.0,31.2,0,0,1.0,0.0,False
scene-0103_022,6,Car,44.99,2,0.0,57.7,1,1,1.0,0.0,False
scene-0103_022,7,Car,44.89,2,0.0,59.1,2,2,1.0,0.0,False
scene-0103_022,8,Car,76.33,2,0.0,41.2,0,0,1.0,0.0,False
scene-0103_022,9,Car,38.75,1,0.01,66.0,2,2,1.0,0.0,False
scene-0103_022,10,Car,33.99,0,0.0,61.9,10,10,1.0,0.3524,True
scene-0103_022,11,Car,50.96,2,0.0,48.6,1,1,1.0,0.0,False
scene-0103_022,12,Car,16.81,2,0.05,156.4,3,3,1.0,0.0,False
scene-0103_022,13,bicycle_rack,35.1,0,0.0,73.9,12,12,1.0,0.5159,True
scene-0103_022,14,Car,58.8,2,0.0,45.4,0,0,1.0,0.0,False
scene-0103_022,15,Pedestrian,38.74,2,0.0,58.1,1,1,1.0,0.0,False
scene-0103_022,16,Motorcycle,33.95,0,0.0,51.0,0,0,1.0,0.0,False
scene-0103_022,17,Bicycle,70.14,0,0.0,35.1,1,1,1.0,0.0,False
scene-0103_022,18,Car,44.75,2,0.0,54.0,0,0,1.0,0.0,False
scene-0103_022,19,Pedestrian,26.09,2,0.0,84.9,3,3,1.0,0.0,False
scene-0103_022,20,Truck,50.49,0,0.0,80.3,7,7,1.0,0.1473,True
scene-0103_022,21,Car,20.23,0,0.64,115.6,2,1,1.0,0.0,False
scene-0103_022,22,Car,10.97,0,0.21,247.5,162,146,1.0,0.5394,True
scene-0103_022,23,Pedestrian,54.64,2,0.0,43.6,1,1,1.0,0.0,False
scene-0103_022,24,Car,73.98,2,0.0,34.1,0,0,1.0,0.0,False
scene-0103_022,25,Car,23.39,2,0.0,119.4,0,0,1.0,0.0,False
scene-0103_022,26,Car,38.91,2,0.0,63.9,0,0,1.0,0.0,False
scene-0103_023,0,Car,44.16,2,0.0,60.1,0,0,1.0,0.0,False
scene-0103_023,1,Pedestrian,53.6,2,0.0,42.4,1,1,1.0,0.0,False
scene-0103_023,2,Car,23.61,0,0.0,99.6,10,10,1.0,0.2491,True
scene-0103_023,3,Car,37.55,1,0.0,59.5,3,3,1.0,0.0,False
scene-0103_023,4,Car,69.98,2,0.0,40.8,0,0,1.0,0.0,False
scene-0103_023,5,Car,66.34,2,0.0,32.2,1,1,1.0,0.0,False
scene-0103_023,6,Car,43.32,2,0.0,60.1,0,0,1.0,0.0,False
scene-0103_023,7,Car,43.23,2,0.0,61.5,0,0,1.0,0.0,False
scene-0103_023,8,Car,74.68,2,0.0,42.2,0,0,1.0,0.0,False
scene-0103_023,9,Car,37.08,0,0.25,69.2,2,2,1.0,0.0,False
scene-0103_023,10,Car,32.33,0,0.0,65.2,10,10,1.0,0.3556,True
scene-0103_023,11,Car,49.3,2,0.0,50.2,0,0,1.0,0.0,False
scene-0103_023,12,Car,15.12,2,0.33,179.0,0,0,1.0,0.0,False
scene-0103_023,13,bicycle_rack,33.45,0,0.0,79.6,12,12,1.0,0.6424,True
scene-0103_023,14,Car,57.15,2,0.0,46.7,0,0,1.0,0.0,False
scene-0103_023,15,Pedestrian,37.69,2,0.0,59.7,1,1,1.0,0.0,False
scene-0103_023,16,Motorcycle,32.31,0,0.0,53.6,0,0,1.0,0.0,False
scene-0103_023,17,Bicycle,65.91,0,0.0,37.4,2,2,1.0,0.0,False
scene-0103_023,18,Car,43.09,2,0.0,56.2,0,0,1.0,0.0,False
scene-0103_023,19,Pedestrian,25.24,0,0.0,87.8,6,6,1.0,0.1604,True
scene-0103_023,20,Truck,48.84,0,0.0,83.2,7,7,1.0,0.1375,True
scene-0103_023,21,Car,18.57,0,0.85,127.3,6,2,1.0,0.0,False
scene-0103_023,22,Car,9.04,0,0.5,324.8,254,159,1.0,0.5127,True
scene-0103_023,23,Pedestrian,53.73,2,0.0,44.4,0,0,1.0,0.0,False
scene-0103_023,24,Car,72.33,2,0.0,34.9,0,0,1.0,0.0,False
scene-0103_023,25,Car,21.73,1,0.0,129.9,5,5,1.0,0.2539,True
scene-0103_023,26,Car,37.26,1,0.0,66.9,0,0,1.0,0.0,False
scene-0103_024,0,Car,42.31,2,0.0,62.8,0,0,1.0,0.0,False
scene-0103_024,1,Pedestrian,52.53,2,0.0,43.3,1,1,1.0,0.0,False
scene-0103_024,2,Car,25.95,0,0.0,89.7,3,3,1.0,0.0,False
scene-0103_024,3,Car,35.68,1,0.0,62.8,5,5,1.0,0.0,False
scene-0103_024,4,Car,68.11,2,0.0,42.1,0,0,1.0,0.0,False
scene-0103_024,5,Car,64.46,2,0.0,33.2,0,0,1.0,0.0,False
scene-0103_024,6,Car,41.46,2,0.0,63.0,0,0,1.0,0.0,False
scene-0103_024,7,Car,41.36,2,0.0,64.5,0,0,1.0,0.0,False
scene-0103_024,8,Car,72.81,2,0.0,43.4,0,0,1.0,0.0,False
scene-0103_024,9,Car,35.21,0,0.5,73.1,5,3,1.0,0.0,False
scene-0103_024,10,Car,30.46,0,0.0,69.5,10,10,1.0,0.3101,True
scene-0103_024,11,Car,47.43,2,0.0,52.3,0,0,1.0,0.0,False
scene-0103_024,12,Car,13.2,2,0.61,213.6,14,10,1.0,0.1429,True
scene-0103_024,13,bicycle_rack,31.58,0,0.0,87.6,18,18,1.0,0.5364,True
scene-0103_024,14,Car,55.28,2,0.0,48.5,1,1,1.0,0.0,False
scene-0103_024,15,Pedestrian,36.42,2,0.0,61.9,2,2,1.0,0.0,False
scene-0103_024,16,Motorcycle,30.44,0,0.0,57.0,0,0,1.0,0.0,False
scene-0103_024,17,Bicycle,61.45,0,0.0,40.2,2,2,1.0,0.0,False
scene-0103_024,18,Car,41.22,2,0.0,58.9,0,0,1.0,0.0,False
scene-0103_024,19,Pedestrian,24.17,0,0.0,91.7,6,6,1.0,0.2164,True
scene-0103_024,20,Truck,46.98,0,0.0,86.8,9,9,1.0,0.2513,True
scene-0103_024,21,Car,6.9,0,0.83,378.3,347,104,1.0,0.4411,True
scene-0103_024,22,Pedestrian,52.6,2,0.0,45.3,0,0,1.0,0.0,False
scene-0103_024,23,Car,70.46,2,0.0,36.0,0,0,1.0,0.0,False
scene-0103_024,24,Car,19.84,0,0.0,143.9,18,18,1.0,0.165,True
scene-0103_024,25,Car,35.39,1,0.0,70.7,2,2,1.0,0.0,False
scene-0103_025,0,Car,40.26,2,0.0,66.2,0,0,1.0,0.0,False
scene-0103_025,1,Pedestrian,51.16,2,0.0,44.5,0,0,1.0,0.0,False
scene-0103_025,2,Car,28.3,0,0.0,81.4,1,1,1.0,0.0,False
scene-0103_025,3,Car,33.62,1,0.0,66.9,4,4,1.0,0.0,False
scene-0103_025,4,Car,66.02,2,0.0,43.5,0,0,1.0,0.0,False
scene-0103_025,5,Car,62.36,2,0.0,34.4,1,1,1.0,0.0,False
scene-0103_025,6,Car,39.39,2,0.0,66.5,2,2,1.0,0.0,False
scene-0103_025,7,Car,39.29,2,0.0,68.1,0,0,1.0,0.0,False
scene-0103_025,8,Car,70.71,2,0.0,44.7,0,0,1.0,0.0,False
scene-0103_025,9,Car,33.15,0,0.75,78.0,5,1,1.0,0.0,False
scene-0103_025,10,Car,28.38,0,0.0,74.6,15,15,1.0,0.3479,True
scene-0103_025,11,Car,45.35,2,0.0,54.8,1,1,1.0,0.0,False
scene-0103_025,12,Car,11.06,2,0.87,270.8,38,13,1.0,0.2553,True
scene-0103_025,13,bicycle_rack,29.49,0,0.0,97.8,12,12,1.0,0.4636,True
scene-0103_025,14,Car,53.19,2,0.0,50.7,1,1,1.0,0.0,False
scene-0103_025,15,Pedestrian,34.91,2,0.0,64.6,3,3,1.0,0.0,False
scene-0103_025,16,Motorcycle,28.38,0,0.0,61.3,2,2,1.0,0.0,False
scene-0103_025,17,Bicycle,56.64,0,0.0,43.7,2,2,1.0,0.0,False
scene-0103_025,18,Car,39.15,2,0.0,62.2,1,1,1.0,0.0,False
scene-0103_025,19,Pedestrian,22.9,0,0.0,96.9,4,4,1.0,0.0,False
scene-0103_025,20,Truck,44.81,0,0.0,91.3,10,10,1.0,0.2689,True
scene-0103_025,21,Car,4.76,0,0.99,365.7,534,3,1.0,0.0,False
scene-0103_025,22,Pedestrian,51.23,2,0.0,46.6,0,0,1.0,0.0,False
scene-0103_025,23,Car,68.39,2,0.0,37.2,0,0,1.0,0.0,False
scene-0103_025,24,Car,51.01,2,0.0,43.6,1,1,1.0,0.0,False
scene-0103_025,25,Car,17.73,0,0.0,163.4,30,30,1.0,0.3633,True
scene-0103_025,26,Car,33.31,1,0.0,75.5,1,1,1.0,0.0,False
scene-0103_026,0,Car,37.98,2,0.0,70.5,0,0,1.0,0.0,False
scene-0103_026,1,Pedestrian,49.52,2,0.0,46.0,0,0,1.0,0.0,False
scene-0103_026,2,Car,30.73,0,0.0,74.6,1,1,1.0,0.0,False
scene-0103_026,3,Car,31.31,1,0.0,72.1,5,5,1.0,0.0078,True
scene-0103_026,4,Car,63.66,2,0.0,45.4,0,0,1.0,0.0,False
scene-0103_026,5,Car,60.04,2,0.0,35.5,0,0,1.0,0.0,False
scene-0103_026,6,Car,37.07,0,0.0,71.0,2,2,1.0,0.0,False
scene-0103_026,7,Car,36.98,2,0.0,72.7,0,0,1.0,0.0,False
scene-0103_026,8,Car,68.35,2,0.0,46.6,0,0,1.0,0.0,False
scene-0103_026,9,Car,26.03,0,0.0,82.3,10,10,1.0,0.28,True
scene-0103_026,10,Car,43.02,2,0.0,58.2,0,0,1.0,0.0,False
scene-0103_026,11,bicycle_rack,27.12,0,0.0,113.7,27,27,1.0,0.4582,True
scene-0103_026,12,Car,50.82,2,0.0,53.7,2,2,1.0,0.0,False
scene-0103_026,13,Pedestrian,33.21,2,0.0,68.1,3,3,1.0,0.0,False
scene-0103_026,14,Motorcycle,26.09,0,0.0,67.1,1,1,1.0,0.0,False
scene-0103_026,15,Bicycle,51.55,0,0.0,48.3,1,1,1.0,0.0,False
scene-0103_026,16,Car,36.81,1,0.0,66.5,1,1,1.0,0.0,False
scene-0103_026,17,Pedestrian,21.28,0,0.0,104.5,5,5,1.0,0.3341,True
scene-0103_026,18,Truck,42.38,0,0.0,97.0,15,15,1.0,0.3184,True
scene-0103_026,19,Pedestrian,49.6,2,0.0,48.2,0,0,1.0,0.0,False
scene-0103_026,20,Car,66.06,2,0.0,39.0,1,1,1.0,0.0,False
scene-0103_026,21,Car,48.68,2,0.0,46.0,0,0,1.0,0.0,False
scene-0103_026,22,Car,15.38,0,0.26,195.5,34,29,1.0,0.6333,True
scene-0103_026,23,Car,30.98,1,0.0,81.7,2,2,1.0,0.0,False
scene-0103_027,0,Car,35.47,2,0.0,75.9,0,0,1.0,0.0,False
scene-0103_027,1,Pedestrian,47.61,2,0.0,47.9,0,0,1.0,0.0,False
scene-0103_027,2,Car,28.77,0,0.1,78.9,1,1,1.0,0.0,False
scene-0103_027,3,Car,61.03,2,0.0,47.6,0,0,1.0,0.0,False
scene-0103_027,4,Car,57.47,2,0.0,37.0,0,0,1.0,0.0,False
scene-0103_027,5,Car,34.49,0,0.0,76.7,3,3,1.0,0.0,False
scene-0103_027,6,Car,34.45,2,0.0,78.4,2,2,1.0,0.0,False
scene-0103_027,7,Car,65.73,2,0.0,48.6,0,0,1.0,0.0,False
scene-0103_027,8,Car,23.45,0,0.0,92.1,24,24,1.0,0.3035,True
scene-0103_027,9,Car,40.45,2,0.0,62.3,0,0,1.0,0.0,False
scene-0103_027,10,bicycle_rack,24.49,0,0.0,134.9,46,46,1.0,0.6355,True
scene-0103_027,11,Car,48.2,2,0.0,56.9,1,1,1.0,0.0,False
scene-0103_027,12,Pedestrian,31.36,2,0.0,72.4,3,3,1.0,0.0,False
scene-0103_027,13,Motorcycle,23.51,0,0.0,74.7,1,1,1.0,0.0,False
scene-0103_027,14,Bicycle,46.2,0,0.0,54.1,3,3,1.0,0.0,False
scene-0103_027,15,Car,34.24,1,0.0,71.8,1,1,1.0,0.0,False
scene-0103_027,16,Pedestrian,19.41,0,0.0,114.7,6,6,1.0,0.2886,True
scene-0103_027,17,Truck,39.78,0,0.0,103.9,18,18,1.0,0.1752,True
scene-0103_027,18,Pedestrian,47.7,2,0.0,50.1,0,0,1.0,0.0,False
scene-0103_027,19,Car,63.5,2,0.0,40.1,1,1,1.0,0.0,False
scene-0103_027,20,Car,46.11,2,0.0,48.8,0,0,1.0,0.0,False
scene-0103_027,21,Car,12.77,0,0.64,247.7,59,15,1.0,0.3449,True
scene-0103_027,22,Car,28.4,1,0.0,89.8,2,2,1.0,0.0,False
scene-0103_028,0,Car,33.02,2,0.23,82.0,0,0,1.0,0.0,False
scene-0103_028,1,Pedestrian,45.77,2,0.0,49.9,0,0,1.0,0.0,False
scene-0103_028,2,Car,26.29,1,0.48,87.0,3,0,1.0,0.0,False
scene-0103_028,3,Car,58.47,2,0.0,50.3,0,0,1.0,0.0,False
scene-0103_028,4,Car,54.96,1,0.0,39.7,0,0,1.0,0.0,False
scene-0103_028,5,Car,32.0,0,0.0,83.2,4,4,1.0,0.0,False
scene-0103_028,6,Car,31.97,1,0.0,85.0,0,0,1.0,0.0,False
scene-0103_028,7,Car,63.17,2,0.0,51.2,0,0,1.0,0.0,False
scene-0103_028,8,Car,20.94,0,0.0,106.6,27,27,1.0,0.5067,True
scene-0103_028,9,Car,37.94,2,0.0,67.8,4,4,1.0,0.0,False
scene-0103_028,10,bicycle_rack,21.94,0,0.0,166.6,53,53,1.0,0.7144,True
scene-0103_028,11,Car,45.64,2,0.0,61.6,2,2,1.0,0.0,False
scene-0103_028,12,Pedestrian,29.34,2,0.0,77.7,1,1,1.0,0.0,False
scene-0103_028,13,Motorcycle,21.02,0,0.0,84.8,2,2,1.0,0.0,False
scene-0103_028,14,Bicycle,40.9,0,0.0,61.6,3,3,1.0,0.0,False
scene-0103_028,15,Car,31.73,1,0.0,79.4,5,5,1.0,0.0054,True
scene-0103_028,16,Pedestrian,17.6,0,0.0,126.7,7,7,1.0,0.2442,True
scene-0103_028,17,Truck,37.24,0,0.0,111.7,23,23,1.0,0.4218,True
scene-0103_028,18,Pedestrian,45.87,2,0.0,52.2,0,0,1.0,0.0,False
scene-0103_028,19,Car,60.99,2,0.0,42.3,0,0,1.0,0.0,False
scene-0103_028,20,Car,43.6,2,0.0,52.6,1,1,1.0,0.0,False
scene-0103_028,21,Car,10.22,0,0.93,332.7,139,3,1.0,0.0,False
scene-0103_028,22,Car,25.88,1,0.0,100.6,14,14,1.0,0.3421,True
scene-0103_029,0,Car,29.85,2,0.6,91.5,0,0,1.0,0.0,False
scene-0103_029,1,Pedestrian,43.18,2,0.0,52.9,0,0,1.0,0.0,False
scene-0103_029,2,Car,23.09,0,0.93,100.1,9,0,1.0,0.0,False
scene-0103_029,3,Car,55.16,2,0.0,53.5,0,0,1.0,0.0,False
scene-0103_029,4,Car,51.71,1,0.0,42.4,2,2,1.0,0.0,False
scene-0103_029,5,Car,28.78,0,0.0,93.4,3,3,1.0,0.0,False
scene-0103_029,6,Car,28.77,2,0.13,95.4,1,1,1.0,0.0,False
scene-0103_029,7,Car,59.85,2,0.0,54.3,0,0,1.0,0.0,False
scene-0103_029,8,Car,17.69,0,0.0,129.2,40,40,1.0,0.6248,True
scene-0103_029,9,Car,34.65,2,0.0,74.8,3,3,1.0,0.0,False
scene-0103_029,10,bicycle_rack,18.62,0,0.3,219.1,91,74,1.0,0.7156,True
scene-0103_029,11,Car,42.33,2,0.0,66.2,2,2,1.0,0.0,False
scene-0103_029,12,Pedestrian,26.64,2,0.0,85.8,0,0,1.0,0.0,False
scene-0103_029,13,Motorcycle,17.79,0,0.0,101.6,2,2,1.0,0.0,False
scene-0103_029,14,Bicycle,34.66,0,0.0,73.1,5,5,1.0,0.1837,True
scene-0103_029,15,Car,28.48,1,0.0,89.4,3,3,1.0,0.0,False
scene-0103_029,16,Pedestrian,15.06,0,0.0,148.6,5,5,1.0,0.071,True
scene-0103_029,17,Truck,33.93,0,0.0,123.7,26,26,1.0,0.366,True
scene-0103_029,18,Pedestrian,43.28,2,0.0,55.3,0,0,1.0,0.0,False
scene-0103_029,19,Car,57.74,2,0.0,45.0,1,1,1.0,0.0,False
scene-0103_029,20,Car,40.35,2,0.0,57.3,0,0,1.0,0.0,False
scene-0103_029,21,Car,22.62,1,0.0,117.9,11,11,1.0,0.2037,True
scene-0103_030,0,Car,26.74,2,0.92,103.2,0,0,1.0,0.0,False
scene-0103_030,1,Pedestrian,40.69,2,0.0,56.1,0,0,1.0,0.0,False
scene-0103_030,2,Car,51.96,2,0.0,56.2,2,2,1.0,0.0,False
scene-0103_030,3,Car,48.56,1,0.0,44.3,0,0,1.0,0.0,False
scene-0103_030,4,Car,25.65,0,0.0,106.0,6,6,1.0,0.3154,True
scene-0103_030,5,Car,25.65,1,0.5,108.4,1,0,1.0,0.0,False
scene-0103_030,6,Car,56.65,2,0.0,56.6,0,0,1.0,0.0,False
scene-0103_030,7,Car,14.52,0,0.0,158.2,64,64,1.0,0.555,True
scene-0103_030,8,Car,31.46,1,0.0,81.5,3,3,1.0,0.0,False
scene-0103_030,9,bicycle_rack,15.43,0,0.6,295.5,130,50,1.0,0.4228,True
scene-0103_030,10,Car,39.12,2,0.0,71.1,1,1,1.0,0.0,False
scene-0103_030,11,Pedestrian,24.05,2,0.0,95.0,1,1,1.0,0.0,False
scene-0103_030,12,Motorcycle,14.62,0,0.96,126.0,2,0,1.0,0.0,False
scene-0103_030,13,Bicycle,28.85,0,0.0,87.5,7,7,1.0,0.3487,True
scene-0103_030,14,Car,25.32,1,0.0,99.5,18,18,1.0,0.3565,True
scene-0103_030,15,Truck,30.72,0,0.0,138.2,43,43,1.0,0.5242,True
scene-0103_030,16,Pedestrian,40.8,2,0.0,58.6,0,0,1.0,0.0,False
scene-0103_030,17,Car,54.58,1,0.0,46.8,0,0,1.0,0.0,False
scene-0103_030,18,Car,37.19,2,0.0,61.2,0,0,1.0,0.0,False
scene-0103_030,19,Car,19.44,1,0.0,137.4,30,30,1.0,0.515,True
scene-0103_031,0,Pedestrian,38.0,2,0.0,60.1,0,0,1.0,0.0,False
scene-0103_031,1,Car,48.55,0,0.0,60.4,2,2,1.0,0.0,False
scene-0103_031,2,Car,45.17,0,0.0,48.1,2,2,1.0,0.0,False
scene-0103_031,3,Car,22.27,1,0.34,124.2,18,8,1.0,0.4194,True
scene-0103_031,4,Car,22.29,1,0.86,126.8,4,0,1.0,0.0,False
scene-0103_031,5,Car,53.23,2,0.0,60.6,0,0,1.0,0.0,False
scene-0103_031,6,Car,11.14,0,0.16,217.4,120,113,1.0,0.7684,True
scene-0103_031,7,Car,28.09,1,0.0,92.8,12,12,1.0,0.3651,True
scene-0103_031,8,bicycle_rack,12.04,0,0.88,378.2,190,25,1.0,0.2353,True
scene-0103_031,9,Car,35.71,1,0.0,79.1,9,9,1.0,0.1574,True
scene-0103_031,10,Pedestrian,21.26,2,0.0,107.9,1,1,1.0,0.0,False
scene-0103_031,11,Bicycle,22.58,0,0.0,113.1,8,8,1.0,0.2676,True
scene-0103_031,12,Car,21.93,1,0.0,117.5,18,18,1.0,0.2824,True
scene-0103_031,13,Truck,27.28,0,0.0,158.0,49,49,1.0,0.622,True
scene-0103_031,14,Pedestrian,38.12,2,0.0,62.8,0,0,1.0,0.0,False
scene-0103_031,15,Car,51.2,1,0.0,50.2,0,0,1.0,0.0,False
scene-0103_031,16,Car,33.8,2,0.0,68.3,1,1,1.0,0.0,False
scene-0103_031,17,Car,16.08,0,0.0,171.5,47,47,1.0,0.3348,True
scene-0103_032,0,Pedestrian,35.19,2,0.0,64.9,0,0,1.0,0.0,False
scene-0103_032,1,Car,45.0,0,0.0,65.3,5,5,1.0,0.1467,True
scene-0103_032,2,Car,41.66,0,0.0,52.5,4,4,1.0,0.0,False
scene-0103_032,3,Car,18.75,2,0.75,151.1,21,0,1.0,0.0,False
scene-0103_032,4,Car,49.69,2,0.0,65.1,1,1,1.0,0.0,False
scene-0103_032,5,Car,7.64,0,0.79,341.8,211,27,1.0,0.2466,True
scene-0103_032,6,Car,24.57,0,0.0,106.8,22,22,1.0,0.4054,True
scene-0103_032,7,bicycle_rack,8.51,0,1.0,372.9,325,22,1.0,0.2198,True
scene-0103_032,8,Car,32.17,1,0.0,88.2,10,10,1.0,0.166,True
scene-0103_032,9,Pedestrian,18.42,2,0.04,125.0,0,0,1.0,0.0,False
scene-0103_032,10,Bicycle,16.18,0,0.0,160.4,16,16,1.0,0.2913,True
scene-0103_032,11,Car,18.39,1,0.0,142.3,24,24,1.0,0.4206,True
scene-0103_032,12,Truck,23.7,0,0.0,185.7,70,70,1.0,0.552,True
scene-0103_032,13,Pedestrian,35.31,2,0.0,67.8,0,0,1.0,0.0,False
scene-0103_032,14,Car,47.67,1,0.0,54.0,0,0,1.0,0.0,False
scene-0103_032,15,Car,30.27,1,0.0,76.5,2,2,1.0,0.0,False
scene-0103_032,16,Car,12.57,0,0.12,231.4,111,111,1.0,0.5237,True
scene-0103_033,0,Pedestrian,32.15,2,0.0,71.0,0,0,1.0,0.0,False
scene-0103_033,1,Car,41.24,0,0.0,71.1,6,6,1.0,0.2898,True
scene-0103_033,2,Car,63.31,2,0.0,39.4,1,1,1.0,0.0,False
scene-0103_033,3,Car,37.94,0,0.0,57.2,4,4,1.0,0.0,False
scene-0103_033,4,Car,45.93,2,0.0,70.0,0,0,1.0,0.0,False
scene-0103_033,5,Car,20.86,0,0.0,127.5,30,30,1.0,0.5333,True
scene-0103_033,6,Car,81.56,2,0.0,28.9,0,0,1.0,0.0,False
scene-0103_033,7,Car,28.41,1,0.0,100.2,20,20,1.0,0.1618,True
scene-0103_033,8,Bicycle,9.67,0,0.44,277.4,39,31,1.0,0.4166,True
scene-0103_033,9,Car,14.65,0,0.0,185.2,56,56,1.0,0.4644,True
scene-0103_033,10,TrafficCone,16.97,0,0.0,67.4,1,1,1.0,0.0,False
scene-0103_033,11,Truck,19.91,0,0.0,228.1,118,118,1.0,0.5658,True
scene-0103_033,12,Pedestrian,32.28,2,0.0,74.2,0,0,1.0,0.0,False
scene-0103_033,13,Car,43.94,1,0.0,58.3,0,0,1.0,0.0,False
scene-0103_033,14,Car,26.54,1,0.0,87.3,6,6,1.0,0.2227,True
scene-0103_033,15,Car,8.86,0,0.64,366.6,268,95,1.0,0.5409,True
scene-0103_034,0,Pedestrian,29.0,2,0.0,78.8,0,0,1.0,0.0,False
scene-0103_034,1,Car,37.36,0,0.0,78.5,9,9,1.0,0.268,True
scene-0103_034,2,Car,59.43,2,0.0,42.1,1,1,1.0,0.0,False
scene-0103_034,3,Car,34.1,0,0.0,64.2,6,6,1.0,0.0,False
scene-0103_034,4,Car,34.41,0,0.0,59.2,3,3,1.0,0.0,False
scene-0103_034,5,Car,42.05,2,0.0,76.6,0,0,1.0,0.0,False
scene-0103_034,6,Car,17.0,0,0.0,161.3,52,52,1.0,0.5531,True
scene-0103_034,7,Car,77.82,2,0.0,30.2,0,0,1.0,0.0,False
scene-0103_034,8,Car,24.53,0,0.0,117.6,22,22,1.0,0.3434,True
scene-0103_034,9,Car,10.75,0,0.31,270.1,134,113,1.0,0.6256,True
scene-0103_034,10,TrafficCone,13.09,0,0.0,88.6,1,1,1.0,0.0,False
scene-0103_034,11,Truck,16.06,0,0.29,296.9,180,161,1.0,0.6735,True
scene-0103_034,12,Pedestrian,29.14,2,0.0,82.2,0,0,1.0,0.0,False
scene-0103_034,13,Car,40.06,1,0.0,64.3,1,1,1.0,0.0,False
scene-0103_034,14,Car,22.66,1,0.0,103.2,17,17,1.0,0.3278,True
scene-0103_034,15,Car,5.0,0,0.99,586.9,697,0,1.0,0.0,False
scene-0103_035,0,Pedestrian,25.04,2,0.0,91.4,0,0,1.0,0.0,False
scene-0103_035,1,Car,32.66,0,0.0,90.5,14,14,1.0,0.5078,True
scene-0103_035,2,Car,54.67,2,0.0,45.9,1,1,1.0,0.0,False
scene-0103_035,3,Car,29.34,0,0.0,74.9,13,13,1.0,0.2674,True
scene-0103_035,4,Car,26.13,0,0.0,79.6,0,0,1.0,0.0,False
scene-0103_035,5,Car,37.35,2,0.0,86.9,0,0,1.0,0.0,False
scene-0103_035,6,Car,67.32,1,0.0,31.9,2,2,1.0,0.0,False
scene-0103_035,7,Car,12.24,0,0.1,239.4,129,129,1.0,0.6587,True
scene-0103_035,8,Car,73.0,2,0.0,32.1,0,0,1.0,0.0,False
scene-0103_035,9,Car,19.82,0,0.0,149.8,45,45,1.0,0.4775,True
scene-0103_035,10,Car,6.0,0,0.94,513.8,466,25,1.0,0.1682,True
scene-0103_035,11,TrafficCone,14.6,0,0.0,71.0,1,1,1.0,0.0,False
scene-0103_035,12,Truck,11.38,0,0.78,468.8,336,99,1.0,0.5066,True
scene-0103_035,13,Pedestrian,25.18,2,0.0,95.3,0,0,1.0,0.0,False
scene-0103_035,14,Car,35.3,1,0.0,73.4,2,2,1.0,0.0,False
scene-0103_035,15,Car,17.91,1,0.0,133.4,24,24,1.0,0.3948,True
scene-0103_036,0,Pedestrian,22.54,2,0.0,101.6,0,0,1.0,0.0,False
scene-0103_036,1,Car,29.42,0,0.0,100.8,24,24,1.0,0.4833,True
scene-0103_036,2,Car,51.42,1,0.0,48.9,1,1,1.0,0.0,False
scene-0103_036,3,Car,26.09,0,0.0,84.6,9,9,1.0,0.286,True
scene-0103_036,4,Car,19.32,0,0.0,111.2,17,17,1.0,0.4335,True
scene-0103_036,5,Car,34.11,2,0.0,95.7,3,3,1.0,0.0,False
scene-0103_036,6,Car,64.08,1,0.0,33.6,1,1,1.0,0.0,False
scene-0103_036,7,Car,8.99,0,0.6,357.3,243,100,1.0,0.6102,True
scene-0103_036,8,Car,69.48,2,0.0,33.8,0,0,1.0,0.0,False
scene-0103_036,9,Car,16.58,0,0.08,183.6,71,71,1.0,0.552,True
scene-0103_036,10,TrafficCone,11.36,0,0.21,93.4,0,0,1.0,0.0,False
scene-0103_036,11,Truck,8.18,0,0.99,638.5,537,0,1.0,0.0,False
scene-0103_036,12,Pedestrian,22.68,2,0.0,105.8,0,0,1.0,0.0,False
scene-0103_036,13,Car,32.08,0,0.0,81.3,1,1,1.0,0.0,False
scene-0103_036,14,Car,14.66,0,0.0,167.8,33,33,1.0,0.4738,True
scene-0103_037,0,Car,34.21,2,0.0,73.1,1,1,1.0,0.0,False
scene-0103_037,1,Pedestrian,19.21,2,0.0,119.5,0,0,1.0,0.0,False
scene-0103_037,2,Bicycle,18.45,0,0.0,82.5,1,1,1.0,0.0,False
scene-0103_037,3,Car,25.36,0,0.0,118.8,28,28,1.0,0.4376,True
scene-0103_037,4,Car,47.32,1,0.0,53.3,0,0,1.0,0.0,False
scene-0103_037,5,Car,21.99,0,0.0,104.1,21,21,1.0,0.2945,True
scene-0103_037,6,Car,11.98,0,0.0,197.8,98,98,1.0,0.6875,True
scene-0103_037,7,Car,30.04,2,0.0,109.7,2,2,1.0,0.0,False
scene-0103_037,8,Car,59.98,1,0.0,36.4,0,0,1.0,0.0,False
scene-0103_037,9,Car,4.98,0,0.99,544.8,621,0,1.0,0.0,False
scene-0103_037,10,Car,65.55,2,0.0,36.2,2,2,1.0,0.0,False
scene-0103_037,11,Car,12.51,0,0.65,259.2,134,44,1.0,0.4813,True
scene-0103_037,12,Pedestrian,19.36,2,0.0,124.3,0,0,1.0,0.0,False
scene-0103_037,13,Car,28.01,0,0.0,94.0,5,5,1.0,0.1209,True
scene-0103_037,14,Car,10.57,0,0.33,250.4,120,100,1.0,0.6608,True
scene-0103_038,0,Car,30.13,1,0.0,83.1,2,2,1.0,0.0,False
scene-0103_038,1,Bicycle,14.36,0,0.0,105.8,11,11,1.0,0.3766,True
scene-0103_038,2,Car,48.04,2,0.0,55.7,1,1,1.0,0.0,False
scene-0103_038,3,Car,21.23,0,0.0,144.3,46,46,1.0,0.582,True
scene-0103_038,4,Car,43.23,1,0.0,58.6,2,2,1.0,0.0,False
scene-0103_038,5,Car,17.9,0,0.0,128.3,56,56,1.0,0.4447,True
scene-0103_038,6,Car,35.19,2,0.0,67.9,1,1,1.0,0.0,False
scene-0103_038,7,Car,4.6,0,0.89,385.0,585,202,1.0,0.7706,True
scene-0103_038,8,Car,25.9,0,0.0,128.9,11,11,1.0,0.2412,True
scene-0103_038,9,Car,56.06,1,0.0,38.3,2,2,1.0,0.0,False
scene-0103_038,10,Car,61.62,2,0.0,38.2,0,0,1.0,0.0,False
scene-0103_038,11,Car,23.92,0,0.0,111.4,14,14,1.0,0.3085,True
scene-0103_038,12,Car,6.47,0,0.9,473.6,378,22,1.0,0.1822,True
scene-0103_039,0,Car,25.95,1,0.0,97.7,9,9,1.0,0.1611,True
scene-0103_039,1,Car,44.19,2,0.0,61.4,1,1,1.0,0.0,False
scene-0103_039,2,Car,17.1,0,0.01,186.1,74,74,1.0,0.6139,True
scene-0103_039,3,Car,13.7,0,0.0,180.9,93,93,1.0,0.6542,True
scene-0103_039,4,Car,31.05,2,0.0,77.6,3,3,1.0,0.0,False
scene-0103_039,5,Car,21.76,0,0.0,156.1,20,20,1.0,0.3799,True
scene-0103_039,6,Car,27.25,2,0.0,86.4,2,2,1.0,0.0,False
scene-0103_039,7,Car,19.74,0,0.0,137.6,40,40,1.0,0.5035,True
scene-1094_000,0,personal_mobility,8.93,0,0.69,280.8,30,5,1.0,0.2715,True
scene-1094_000,1,Car,22.6,0,0.0,130.8,33,33,1.0,0.4613,True
scene-1094_000,2,Pedestrian,37.6,0,0.0,64.6,4,4,1.0,0.0,False
scene-1094_000,3,Car,7.37,0,0.05,434.9,456,456,1.0,0.7873,True
scene-1094_000,4,Pedestrian,31.88,1,0.0,68.0,3,3,1.0,0.0,False
scene-1094_000,5,Pedestrian,21.81,2,0.0,106.6,2,2,1.0,0.0,False
scene-1094_000,6,Car,28.01,2,0.37,74.6,7,4,1.0,0.0,False
scene-1094_000,7,Car,34.21,2,0.0,63.5,4,4,1.0,0.0,False
scene-1094_000,8,Pedestrian,24.62,0,0.0,93.5,4,4,1.0,0.0,False
scene-1094_000,9,Pedestrian,12.84,2,0.0,173.4,9,9,1.0,0.2536,True
scene-1094_000,10,Car,26.26,2,0.0,84.4,5,5,1.0,0.0,False
scene-1094_000,11,Car,28.99,0,0.0,144.1,61,61,1.0,0.535,True
scene-1094_000,12,Pedestrian,13.55,0,0.0,168.8,11,11,1.0,0.1486,True
scene-1094_000,13,Pedestrian,32.77,2,0.0,63.3,0,0,1.0,0.0,False
scene-1094_000,14,Bicycle,30.06,1,0.0,49.5,0,0,1.0,0.0,False
scene-1094_001,0,personal_mobility,8.73,0,0.32,287.8,35,35,1.0,0.6229,True
scene-1094_001,1,Car,22.52,0,0.0,131.5,25,25,1.0,0.3348,True
scene-1094_001,2,Pedestrian,37.01,0,0.0,65.7,4,4,1.0,0.0,False
scene-1094_001,3,Car,7.72,0,0.02,423.6,415,415,1.0,0.7329,True
scene-1094_001,4,Pedestrian,31.69,0,0.0,68.6,4,4,1.0,0.0,False
scene-1094_001,5,Pedestrian,22.21,2,0.0,104.8,1,1,1.0,0.0,False
scene-1094_001,6,Pedestrian,36.13,1,0.0,63.9,3,3,1.0,0.0,False
scene-1094_001,7,Car,27.95,1,0.38,74.9,13,7,1.0,0.1306,True
scene-1094_001,8,Car,34.13,2,0.0,63.6,3,3,1.0,0.0,False
scene-1094_001,9,Pedestrian,24.86,0,0.0,92.6,3,3,1.0,0.0,False
scene-1094_001,10,Pedestrian,12.12,2,0.0,184.0,1,1,1.0,0.0,False
scene-1094_001,11,Car,26.18,2,0.0,84.8,5,5,1.0,0.0,False
scene-1094_001,12,Car,28.91,0,0.0,144.5,63,63,1.0,0.5625,True
scene-1094_001,13,Pedestrian,13.88,0,0.0,164.8,9,9,1.0,0.2043,True
scene-1094_001,14,Pedestrian,32.67,2,0.0,63.5,0,0,1.0,0.0,False
scene-1094_001,15,Bicycle,29.99,0,0.0,49.6,0,0,1.0,0.0,False
scene-1094_002,0,personal_mobility,8.57,0,0.09,293.1,38,38,1.0,0.5926,True
scene-1094_002,1,Car,22.43,0,0.0,133.0,20,20,1.0,0.4017,True
scene-1094_002,2,Pedestrian,31.93,1,0.84,71.7,3,0,1.0,0.0,False
scene-1094_002,3,Pedestrian,36.43,0,0.0,66.8,4,4,1.0,0.0,False
scene-1094_002,4,Car,8.06,0,0.0,407.3,374,374,1.0,0.7277,True
scene-1094_002,5,Pedestrian,31.3,0,0.0,69.8,4,4,1.0,0.0,False
scene-1094_002,6,Pedestrian,22.6,2,0.0,103.1,0,0,1.0,0.0,False
scene-1094_002,7,Pedestrian,36.2,2,0.0,63.8,1,1,1.0,0.0,False
scene-1094_002,8,Car,27.88,1,0.39,75.7,11,5,1.0,0.0,False
scene-1094_002,9,Car,34.04,2,0.0,64.1,2,2,1.0,0.0,False
scene-1094_002,10,Pedestrian,24.98,0,0.0,92.3,3,3,1.0,0.0,False
scene-1094_002,11,Pedestrian,11.39,0,0.03,196.0,13,13,1.0,0.4264,True
scene-1094_002,12,Pedestrian,23.45,0,0.0,99.0,5,5,1.0,0.2816,True
scene-1094_002,13,Car,26.09,2,0.0,85.7,5,5,1.0,0.0,False
scene-1094_002,14,Car,28.82,0,0.0,145.0,64,64,1.0,0.5804,True
scene-1094_002,15,Pedestrian,14.15,0,0.0,161.9,15,15,1.0,0.2752,True
scene-1094_002,16,Pedestrian,32.57,0,0.0,63.7,2,2,1.0,0.0,False
scene-1094_002,17,Bicycle,29.91,0,0.0,49.8,0,0,1.0,0.0,False
scene-1094_003,0,personal_mobility,8.3,0,0.0,302.5,23,23,1.0,0.6022,True
scene-1094_003,1,Car,22.21,0,0.0,134.6,28,28,1.0,0.4456,True
scene-1094_003,2,Pedestrian,31.78,2,0.63,72.1,3,2,1.0,0.0,False
scene-1094_003,3,Pedestrian,26.09,0,0.0,84.8,4,4,1.0,0.0,False
scene-1094_003,4,Pedestrian,35.86,0,0.0,68.1,2,2,1.0,0.0,False
scene-1094_003,5,Car,8.27,0,0.0,396.8,366,366,1.0,0.7172,True
scene-1094_003,6,Pedestrian,30.84,0,0.0,70.6,3,3,1.0,0.0,False
scene-1094_003,7,Pedestrian,22.87,2,0.0,101.9,0,0,1.0,0.0,False
scene-1094_003,8,Pedestrian,36.12,0,0.0,63.8,1,1,1.0,0.0,False
scene-1094_003,9,Car,27.61,2,0.44,76.6,10,7,1.0,0.0,False
scene-1094_003,10,Car,33.84,2,0.0,64.5,0,0,1.0,0.0,False
scene-1094_003,11,Pedestrian,25.0,0,0.0,92.3,4,4,1.0,0.0,False
scene-1094_003,12,Car,5.22,0,0.97,362.2,369,8,1.0,0.2392,True
scene-1094_003,13,Pedestrian,10.52,0,0.91,213.9,11,0,1.0,0.0,False
scene-1094_003,14,Pedestrian,23.49,0,0.0,98.8,6,6,1.0,0.2779,True
scene-1094_003,15,Pedestrian,32.45,0,0.88,70.6,0,0,1.0,0.0,False
scene-1094_003,16,Car,25.88,2,0.0,86.5,6,6,1.0,0.0,False
scene-1094_003,17,Car,28.61,0,0.0,146.2,67,67,1.0,0.5739,True
scene-1094_003,18,Pedestrian,14.31,2,0.0,160.2,11,11,1.0,0.3446,True
scene-1094_003,19,Pedestrian,32.38,0,0.0,64.1,2,2,1.0,0.0,False
scene-1094_003,20,Bicycle,29.72,2,0.0,50.2,0,0,1.0,0.0,False
scene-1094_004,0,personal_mobility,7.82,0,0.14,321.9,31,31,1.0,0.6693,True
scene-1094_004,1,Car,21.74,0,0.0,137.8,27,27,1.0,0.4105,True
scene-1094_004,2,Pedestrian,31.41,2,0.54,72.9,1,1,1.0,0.0,False
scene-1094_004,3,Pedestrian,26.08,0,0.0,84.9,4,4,1.0,0.0,False
scene-1094_004,4,Pedestrian,35.23,0,0.0,69.2,4,4,1.0,0.0,False
scene-1094_004,5,Car,8.44,0,0.0,383.8,360,360,1.0,0.7725,True
scene-1094_004,6,Pedestrian,30.11,0,0.0,72.4,5,5,1.0,0.2811,True
scene-1094_004,7,Pedestrian,22.89,2,0.0,101.8,0,0,1.0,0.0,False
scene-1094_004,8,Pedestrian,35.75,0,0.0,64.4,0,0,1.0,0.0,False
scene-1094_004,9,Car,27.08,1,0.52,78.2,12,6,1.0,0.0,False
scene-1094_004,10,Car,33.39,2,0.0,65.2,0,0,1.0,0.0,False
scene-1094_004,11,Pedestrian,24.78,0,0.0,93.1,4,4,1.0,0.0,False
scene-1094_004,12,Car,6.72,0,0.95,359.1,242,9,1.0,0.2781,True
scene-1094_004,13,Pedestrian,23.42,0,0.0,99.1,5,5,1.0,0.1942,True
scene-1094_004,14,Pedestrian,32.04,2,0.81,71.5,1,0,1.0,0.0,False
scene-1094_004,15,Car,25.4,2,0.0,88.3,5,5,1.0,0.0,False
scene-1094_004,16,Car,28.13,0,0.0,148.8,68,68,1.0,0.5753,True
scene-1094_004,17,Pedestrian,14.42,2,0.0,159.2,0,0,1.0,0.0,False
scene-1094_004,18,Pedestrian,32.06,0,0.0,64.7,1,1,1.0,0.0,False
scene-1094_004,19,Bicycle,29.29,1,0.0,50.9,0,0,1.0,0.0,False
scene-1094_005,0,personal_mobility,7.1,0,0.52,356.3,52,45,1.0,0.716,True
scene-1094_005,1,Car,20.96,0,0.0,144.2,30,30,1.0,0.3998,True
scene-1094_005,2,Pedestrian,30.75,2,0.61,74.5,4,2,1.0,0.0,False
scene-1094_005,3,Pedestrian,25.7,0,0.0,86.0,3,3,1.0,0.0,False
scene-1094_005,4,Pedestrian,34.46,0,0.0,70.4,2,2,1.0,0.0,False
scene-1094_005,5,Car,8.4,0,0.0,394.0,374,374,1.0,0.7182,True
scene-1094_005,6,Pedestrian,29.27,0,0.0,74.6,5,5,1.0,0.2377,True
scene-1094_005,7,Pedestrian,22.61,2,0.0,103.2,0,0,1.0,0.0,False
scene-1094_005,8,Pedestrian,35.05,0,0.0,65.9,2,2,1.0,0.0,False
scene-1094_005,9,Car,26.23,1,0.65,81.4,12,0,1.0,0.0,False
scene-1094_005,10,Car,32.63,2,0.0,66.8,0,0,1.0,0.0,False
scene-1094_005,11,Pedestrian,24.27,0,0.0,95.1,3,3,1.0,0.0,False
scene-1094_005,12,Car,7.85,0,0.98,349.7,153,0,1.0,0.0,False
scene-1094_005,13,Pedestrian,22.95,0,0.0,101.2,6,6,1.0,0.134,True
scene-1094_005,14,Pedestrian,31.5,2,0.78,72.7,0,0,1.0,0.0,False
scene-1094_005,15,Car,24.61,2,0.0,91.8,9,9,1.0,0.0,False
scene-1094_005,16,Car,27.35,0,0.0,153.3,70,70,1.0,0.5491,True
scene-1094_005,17,Pedestrian,14.22,2,0.0,162.2,0,0,1.0,0.0,False
scene-1094_005,18,Pedestrian,31.46,2,0.0,65.9,3,3,1.0,0.0,False
scene-1094_005,19,Bicycle,28.56,1,0.0,52.3,6,6,1.0,0.0,False
scene-1094_006,0,personal_mobility,6.1,0,0.89,418.9,71,2,1.0,0.0,False
scene-1094_006,1,Car,19.89,0,0.05,150.6,50,50,1.0,0.5339,True
scene-1094_006,2,Pedestrian,29.87,0,0.98,76.5,2,0,0.0,0.0,False
scene-1094_006,3,Pedestrian,25.05,0,0.0,88.0,3,3,1.0,0.0,False
scene-1094_006,4,Pedestrian,33.7,0,0.0,72.0,4,4,1.0,0.0,False
scene-1094_006,5,Car,8.14,0,0.0,404.9,397,397,1.0,0.7077,True
scene-1094_006,6,Pedestrian,28.15,0,0.0,77.3,5,5,1.0,0.2105,True
scene-1094_006,7,Pedestrian,22.07,2,0.0,105.5,0,0,1.0,0.0,False
scene-1094_006,8,Pedestrian,34.0,2,0.0,67.6,3,3,1.0,0.0,False
scene-1094_006,9,Car,25.21,2,0.8,84.2,5,0,1.0,0.0,False
scene-1094_006,10,Car,31.62,2,0.0,68.2,0,0,1.0,0.0,False
scene-1094_006,11,Pedestrian,23.54,0,0.0,97.9,6,6,1.0,0.1273,True
scene-1094_006,12,Pedestrian,22.4,0,0.0,103.5,4,4,1.0,0.0,False
scene-1094_006,13,Pedestrian,30.74,0,0.8,74.4,1,0,1.0,0.0,False
scene-1094_006,14,Car,23.55,2,0.0,95.1,10,10,1.0,0.0033,True
scene-1094_006,15,Car,26.29,0,0.0,159.9,64,64,1.0,0.5215,True
scene-1094_006,16,Pedestrian,13.75,2,0.0,167.5,0,0,1.0,0.0,False
scene-1094_006,17,Pedestrian,30.63,1,0.0,67.5,0,0,1.0,0.0,False
scene-1094_006,18,Bicycle,27.59,0,0.0,53.9,2,2,1.0,0.0,False
scene-1094_007,0,Car,18.59,0,0.24,161.2,65,48,1.0,0.4054,True
scene-1094_007,1,Pedestrian,20.79,0,0.0,105.2,2,2,1.0,0.0,False
scene-1094_007,2,Pedestrian,24.08,0,0.0,91.0,4,4,1.0,0.0,False
scene-1094_007,3,Pedestrian,32.72,0,0.0,73.9,2,2,1.0,0.0,False
scene-1094_007,4,Car,7.71,0,0.02,423.8,424,424,1.0,0.7763,True
scene-1094_007,5,Pedestrian,26.96,0,0.0,80.3,3,3,1.0,0.0,False
scene-1094_007,6,Pedestrian,21.27,2,0.0,109.0,0,0,1.0,0.0,False
scene-1094_007,7,Pedestrian,32.67,1,0.0,70.0,2,2,1.0,0.0,False
scene-1094_007,8,Car,23.97,2,0.96,87.3,6,0,1.0,0.0,False
scene-1094_007,9,Car,30.33,2,0.0,69.3,9,9,1.0,0.2802,True
scene-1094_007,10,Pedestrian,22.59,0,0.0,101.3,4,4,1.0,0.0,False
scene-1094_007,11,Pedestrian,21.57,0,0.0,106.8,9,9,1.0,0.3288,True
scene-1094_007,12,Car,22.24,2,0.0,98.7,6,6,1.0,0.1304,True
scene-1094_007,13,Car,24.98,2,0.0,168.9,62,62,1.0,0.4533,True
scene-1094_007,14,Pedestrian,13.02,2,0.0,175.9,0,0,1.0,0.0,False
scene-1094_007,15,Pedestrian,20.85,2,0.0,98.9,7,7,1.0,0.2348,True
scene-1094_007,16,Pedestrian,29.47,1,0.0,69.6,2,2,1.0,0.0,False
scene-1094_007,17,Bicycle,26.34,0,0.0,55.7,2,2,1.0,0.0,False
scene-1094_008,0,Car,17.3,0,0.43,174.8,72,31,1.0,0.4067,True
scene-1094_008,1,Pedestrian,20.07,0,0.0,108.6,8,8,1.0,0.1864,True
scene-1094_008,2,Pedestrian,23.0,0,0.0,94.6,2,2,1.0,0.0,False
scene-1094_008,3,Pedestrian,31.54,1,0.0,76.7,2,2,1.0,0.0,False
scene-1094_008,4,Car,7.3,0,0.03,442.8,414,414,1.0,0.7699,True
scene-1094_008,5,Pedestrian,25.42,1,0.0,84.4,2,2,1.0,0.0,False
scene-1094_008,6,Pedestrian,20.4,2,0.0,113.2,0,0,1.0,0.0,False
scene-1094_008,7,Pedestrian,31.26,0,0.0,73.2,2,2,1.0,0.0,False
scene-1094_008,8,Car,28.98,1,0.0,70.7,18,18,1.0,0.3263,True
scene-1094_008,9,Pedestrian,21.31,0,0.0,106.6,4,4,1.0,0.0,False
scene-1094_008,10,Pedestrian,20.49,0,0.0,111.7,5,5,1.0,0.1482,True
scene-1094_008,11,Car,20.88,2,0.07,103.5,1,1,1.0,0.0,False
scene-1094_008,12,Car,23.63,2,0.0,179.5,62,62,1.0,0.1723,True
scene-1094_008,13,Pedestrian,12.19,0,0.0,186.7,18,18,1.0,0.2593,True
scene-1094_008,14,Pedestrian,20.12,2,0.0,102.2,7,7,1.0,0.4292,True
scene-1094_008,15,Pedestrian,28.27,0,0.0,72.0,2,2,1.0,0.0,False
scene-1094_008,16,Bicycle,24.99,0,0.0,57.9,1,1,1.0,0.0,False
scene-1094_009,0,Car,16.07,0,0.57,190.1,19,0,1.0,0.0,False
scene-1094_009,1,Pedestrian,19.33,1,0.0,112.4,6,6,1.0,0.1308,True
scene-1094_009,2,Pedestrian,21.68,0,0.0,99.6,3,3,1.0,0.0,False
scene-1094_009,3,Pedestrian,30.29,2,0.0,79.9,1,1,1.0,0.0,False
scene-1094_009,4,Car,6.94,0,0.4,479.7,390,248,1.0,0.6682,True
scene-1094_009,5,Pedestrian,23.75,0,0.0,89.9,5,5,1.0,0.2243,True
scene-1094_009,6,Pedestrian,19.52,2,0.0,117.8,1,1,1.0,0.0,False
scene-1094_009,7,Pedestrian,25.06,0,0.0,91.9,4,4,1.0,0.0,False
scene-1094_009,8,Pedestrian,29.76,0,0.0,77.1,4,4,1.0,0.0,False
scene-1094_009,9,Car,27.62,1,0.0,73.8,11,11,1.0,0.2144,True
scene-1094_009,10,Pedestrian,19.88,0,0.7,113.5,1,0,1.0,0.0,False
scene-1094_009,11,Pedestrian,19.32,0,0.0,117.8,7,7,1.0,0.1747,True
scene-1094_009,12,Car,19.6,2,0.19,109.2,0,0,1.0,0.0,False
scene-1094_009,13,Car,22.34,2,0.0,191.1,84,84,1.0,0.6319,True
scene-1094_009,14,Pedestrian,11.22,0,0.0,203.3,23,23,1.0,0.3492,True
scene-1094_009,15,Pedestrian,19.43,2,0.0,105.2,9,9,1.0,0.3099,True
scene-1094_009,16,Pedestrian,26.92,0,0.0,75.5,2,2,1.0,0.0,False
scene-1094_009,17,Bicycle,23.56,0,0.0,60.6,4,4,1.0,0.0,False
scene-1094_010,0,Car,15.29,0,0.5,202.5,13,2,1.0,0.0,False
scene-1094_010,1,Pedestrian,18.54,2,0.0,116.9,0,0,1.0,0.0,False
scene-1094_010,2,Pedestrian,20.08,0,0.0,107.6,2,2,1.0,0.0,False
scene-1094_010,3,Pedestrian,28.96,2,0.0,83.7,1,1,1.0,0.0,False
scene-1094_010,4,Car,6.83,0,0.71,477.2,352,95,1.0,0.4967,True
scene-1094_010,5,Pedestrian,18.76,0,0.0,122.6,7,7,1.0,0.4587,True
scene-1094_010,6,Pedestrian,24.3,2,0.0,94.9,1,1,1.0,0.0,False
scene-1094_010,7,Pedestrian,27.94,0,0.0,82.3,5,5,1.0,0.1788,True
scene-1094_010,8,Car,26.39,0,0.0,77.7,20,20,1.0,0.2425,True
scene-1094_010,9,Pedestrian,17.92,0,0.0,126.3,11,11,1.0,0.3887,True
scene-1094_010,10,Car,18.75,2,0.09,115.2,32,32,1.0,0.2909,True
scene-1094_010,11,Car,21.46,0,0.0,201.2,115,115,1.0,0.596,True
scene-1094_010,12,Pedestrian,10.32,0,0.0,222.2,34,34,1.0,0.4028,True
scene-1094_010,13,Pedestrian,18.6,2,0.0,109.6,6,6,1.0,0.2843,True
scene-1094_010,14,Pedestrian,25.1,0,0.0,81.1,3,3,1.0,0.0,False
scene-1094_010,15,Bicycle,21.94,0,0.0,64.3,5,5,1.0,0.0,False
scene-1094_011,0,Car,14.99,0,0.09,209.4,89,88,1.0,0.5908,True
scene-1094_011,1,Pedestrian,17.65,0,0.0,123.1,7,7,1.0,0.2939,True
scene-1094_011,2,Pedestrian,17.77,0,0.09,121.8,1,1,1.0,0.0,False
scene-1094_011,3,Pedestrian,27.41,2,0.0,88.6,3,3,1.0,0.0,False
scene-1094_011,4,Car,7.15,0,0.92,449.9,260,7,1.0,0.0724,True
scene-1094_011,5,Pedestrian,17.93,0,0.0,128.6,8,8,1.0,0.2067,True
scene-1094_011,6,Pedestrian,23.91,2,0.0,96.6,0,0,1.0,0.0,False
scene-1094_011,7,Pedestrian,25.48,0,0.0,90.7,3,3,1.0,0.0,False
scene-1094_011,8,Car,21.41,2,0.56,98.0,0,0,1.0,0.0,False
scene-1094_011,9,Car,25.11,0,0.0,82.6,31,31,1.0,0.4986,True
scene-1094_011,10,Car,18.36,2,0.0,119.3,25,25,1.0,0.2674,True
scene-1094_011,11,Car,20.98,0,0.0,209.4,121,121,1.0,0.557,True
scene-1094_011,12,Pedestrian,9.29,0,0.0,248.6,40,40,1.0,0.5053,True
scene-1094_011,13,Pedestrian,17.6,2,0.0,116.1,2,2,1.0,0.0,False
scene-1094_011,14,Bicycle,19.85,0,0.0,71.8,4,4,1.0,0.0,False
scene-1094_012,0,Car,14.88,0,0.0,214.0,125,125,1.0,0.5728,True
scene-1094_012,1,Car,25.99,2,0.59,93.4,2,2,1.0,0.0,False
scene-1094_012,2,Car,30.96,2,0.0,70.1,2,2,1.0,0.0,False
scene-1094_012,3,Pedestrian,16.34,0,0.0,133.5,6,6,1.0,0.205,True
scene-1094_012,4,Car,33.88,2,0.87,98.7,3,0,1.0,0.0,False
scene-1094_012,5,Pedestrian,25.08,2,0.0,97.2,3,3,1.0,0.0,False
scene-1094_012,6,Car,8.34,0,0.85,371.8,194,17,1.0,0.1793,True
scene-1094_012,7,Pedestrian,16.66,0,0.0,138.8,6,6,1.0,0.27,True
scene-1094_012,8,Pedestrian,23.54,2,0.0,98.3,0,0,1.0,0.0,False
scene-1094_012,9,Car,22.16,2,0.0,95.6,15,15,1.0,0.1491,True
scene-1094_012,10,Car,23.35,0,0.0,90.3,27,27,1.0,0.2656,True
scene-1094_012,11,Car,18.09,2,0.0,123.4,24,24,1.0,0.2378,True
scene-1094_012,12,Car,20.5,0,0.0,219.4,121,121,1.0,0.5148,True
scene-1094_012,13,Pedestrian,7.94,0,0.0,294.0,47,47,1.0,0.4638,True
scene-1094_012,14,Pedestrian,16.11,2,0.0,127.4,8,8,1.0,0.3697,True
scene-1094_013,0,Car,14.27,0,0.0,227.4,125,125,1.0,0.4976,True
scene-1094_013,1,Car,27.53,0,0.0,88.7,6,6,1.0,0.0,False
scene-1094_013,2,Car,32.35,2,0.0,67.2,10,10,1.0,0.1534,True
scene-1094_013,3,Pedestrian,13.9,0,0.87,157.9,7,0,1.0,0.0,False
scene-1094_013,4,Car,36.56,2,0.0,91.7,15,15,1.0,0.241,True
scene-1094_013,5,Car,10.08,0,0.49,297.5,127,75,1.0,0.5924,True
scene-1094_013,6,Pedestrian,14.49,0,0.0,160.5,5,5,1.0,0.0653,True
scene-1094_013,7,Pedestrian,22.54,2,0.0,102.9,0,0,1.0,0.0,False
scene-1094_013,8,Car,22.37,2,0.0,95.8,14,14,1.0,0.1224,True
scene-1094_013,9,Car,33.25,0,0.0,71.5,3,3,1.0,0.0,False
scene-1094_013,10,Car,20.47,0,0.01,105.8,28,28,1.0,0.2696,True
scene-1094_013,11,Car,17.28,2,0.0,132.3,35,35,1.0,0.2179,True
scene-1094_013,12,Car,19.34,0,0.0,239.8,168,168,1.0,0.5862,True
scene-1094_013,13,Car,39.62,2,0.12,56.0,1,1,1.0,0.0,False
scene-1094_014,0,Car,12.74,0,0.0,261.8,164,164,1.0,0.5382,True
scene-1094_014,1,Car,27.8,0,0.0,88.5,13,13,1.0,0.0,False
scene-1094_014,2,Car,32.27,2,0.0,67.5,11,11,1.0,0.1385,True
scene-1094_014,3,Car,37.7,2,0.0,89.3,16,16,1.0,0.4445,True
scene-1094_014,4,Car,12.29,0,0.0,234.9,92,92,1.0,0.5434,True
scene-1094_014,5,Pedestrian,20.24,2,0.0,114.9,0,0,1.0,0.0,False
scene-1094_014,6,Car,21.4,2,0.0,101.7,11,11,1.0,0.1128,True
scene-1094_014,7,Car,34.73,0,0.0,68.6,3,3,1.0,0.0,False
scene-1094_014,8,Car,15.33,2,0.0,154.4,44,44,1.0,0.2699,True
scene-1094_014,9,Car,16.89,0,0.0,288.0,195,195,1.0,0.6336,True
scene-1094_014,10,Car,42.01,0,0.0,52.9,0,0,1.0,0.0,False
scene-1094_015,0,Car,10.13,0,0.14,346.0,257,245,1.0,0.7287,True
scene-1094_015,1,Car,26.15,0,0.0,94.9,18,18,1.0,0.2287,True
scene-1094_015,2,Car,30.04,2,0.0,72.7,13,13,1.0,0.1872,True
scene-1094_015,3,Car,36.35,2,0.0,92.9,16,16,1.0,0.2207,True
scene-1094_015,4,Car,14.38,0,0.0,194.3,79,79,1.0,0.5937,True
scene-1094_015,5,Car,18.87,1,0.0,117.7,20,20,1.0,0.2025,True
scene-1094_015,6,Car,33.86,0,0.0,70.6,3,3,1.0,0.0,False
scene-1094_015,7,Pedestrian,45.44,0,0.0,49.8,1,1,1.0,0.0,False
scene-1094_015,8,Car,12.15,2,0.52,206.5,44,1,1.0,0.0,False
scene-1094_015,9,Car,13.12,0,0.8,402.7,248,43,1.0,0.21,True
scene-1094_015,10,Car,41.44,0,0.0,53.7,1,1,1.0,0.0,False
scene-1094_016,0,Car,6.9,0,0.97,569.5,481,16,1.0,0.1948,True
scene-1094_016,1,Car,23.06,0,0.0,109.0,22,22,1.0,0.225,True
scene-1094_016,2,Car,26.4,2,0.0,83.6,20,20,1.0,0.3955,True
scene-1094_016,3,Car,33.12,2,0.0,102.6,17,17,1.0,0.192,True
scene-1094_016,4,Car,15.88,0,0.0,172.3,59,59,1.0,0.5106,True
scene-1094_016,5,Car,15.38,0,0.33,148.9,14,14,1.0,0.2932,True
scene-1094_016,6,Car,31.07,0,0.0,77.3,7,7,1.0,0.0,False
scene-1094_016,7,Pedestrian,45.41,0,0.0,49.8,2,2,1.0,0.0,False
scene-1094_016,8,Car,39.19,0,0.0,56.8,0,0,1.0,0.0,False
scene-1094_017,0,Car,20.03,0,0.0,127.7,27,27,1.0,0.2222,True
scene-1094_017,1,Car,23.16,2,0.0,96.9,22,22,1.0,0.4103,True
scene-1094_017,2,Car,29.97,2,0.0,114.3,16,16,1.0,0.1772,True
scene-1094_017,3,Car,17.16,0,0.0,156.9,45,45,1.0,0.5621,True
scene-1094_017,4,Car,12.27,0,0.88,195.3,63,6,1.0,0.1667,True
scene-1094_017,5,Car,28.08,0,0.0,86.1,6,6,1.0,0.0,False
scene-1094_017,6,Pedestrian,42.88,0,0.0,52.9,3,3,1.0,0.0,False
scene-1094_017,7,Car,36.38,0,0.0,61.5,1,1,1.0,0.0,False
scene-1094_018,0,Car,16.93,0,0.24,155.0,49,41,1.0,0.4074,True
scene-1094_018,1,Car,19.95,2,0.64,114.7,23,2,1.0,0.0,False
scene-1094_018,2,Car,26.81,2,0.0,129.2,10,10,1.0,0.2059,True
scene-1094_018,3,Car,18.16,0,0.0,146.6,42,42,1.0,0.5444,True
scene-1094_018,4,Car,25.0,0,0.0,97.7,3,3,1.0,0.0,False
scene-1094_018,5,Pedestrian,39.76,0,0.0,56.9,2,2,1.0,0.0,False
scene-1094_018,6,Motorcycle,35.82,0,0.0,63.8,3,3,1.0,0.0,False
scene-1094_018,7,Car,33.03,0,0.0,68.1,2,2,1.0,0.0,False
scene-1094_019,0,Car,13.63,0,0.73,201.0,89,20,1.0,0.3837,True
scene-1094_019,1,Car,23.45,2,0.06,150.0,35,35,1.0,0.4811,True
scene-1094_019,2,Car,19.16,0,0.0,137.9,30,30,1.0,0.3853,True
scene-1094_019,3,Car,21.7,0,0.0,114.2,13,13,1.0,0.2143,True
scene-1094_019,4,Car,92.42,0,0.0,22.0,0,0,1.0,0.0,False
scene-1094_019,5,Pedestrian,36.21,0,0.0,62.5,3,3,1.0,0.0,False
scene-1094_019,6,Motorcycle,28.79,0,0.0,79.9,2,2,1.0,0.0,False
scene-1094_019,7,Pedestrian,49.89,1,0.0,47.1,1,1,1.0,0.0,False
scene-1094_019,8,Car,29.43,0,0.0,77.1,3,3,1.0,0.0,False
scene-1094_020,0,Car,98.83,0,0.0,19.8,0,0,1.0,0.0,False
scene-1094_020,1,Car,20.36,2,0.53,176.1,37,21,1.0,0.46,True
scene-1094_020,2,Pedestrian,60.78,2,0.0,37.7,2,2,1.0,0.0,False
scene-1094_020,3,Car,20.01,0,0.0,131.2,37,37,1.0,0.587,True
scene-1094_020,4,Car,18.65,0,0.03,135.2,24,24,1.0,0.4092,True
scene-1094_020,5,Car,86.28,0,0.0,23.4,0,0,1.0,0.0,False
scene-1094_020,6,Pedestrian,32.95,0,0.0,68.7,4,4,1.0,0.0,False
scene-1094_020,7,Motorcycle,22.4,2,0.0,103.9,6,6,1.0,0.144,True
scene-1094_020,8,Pedestrian,46.57,1,0.0,50.5,1,1,1.0,0.0,False
scene-1094_020,9,Car,26.12,1,0.0,87.7,0,0,1.0,0.0,False
scene-1094_021,0,Car,90.04,0,0.0,21.1,0,0,1.0,0.0,False
scene-1094_021,1,Car,16.72,2,0.95,221.7,66,0,1.0,0.0,False
scene-1094_021,2,Pedestrian,57.6,2,0.0,39.8,0,0,1.0,0.0,False
scene-1094_021,3,Car,20.95,0,0.0,124.6,25,25,1.0,0.222,True
scene-1094_021,4,Car,15.05,0,0.64,173.0,50,24,1.0,0.3081,True
scene-1094_021,5,Car,79.25,0,0.0,25.2,0,0,1.0,0.0,False
scene-1094_021,6,Pedestrian,29.03,0,0.0,78.1,4,4,1.0,0.0,False
scene-1094_021,7,Motorcycle,15.22,0,0.0,156.8,16,16,1.0,0.3946,True
scene-1094_021,8,Pedestrian,42.55,1,0.0,55.3,1,1,1.0,0.0,False
scene-1094_021,9,Car,22.24,0,0.0,104.6,3,3,1.0,0.0,False
scene-1094_022,0,Pedestrian,40.33,0,0.0,60.3,1,1,1.0,0.0,False
scene-1094_022,1,Car,81.04,0,0.0,23.5,0,0,1.0,0.0,False
scene-1094_022,2,Pedestrian,54.29,2,0.0,42.2,0,0,1.0,0.0,False
scene-1094_022,3,Car,21.82,0,0.0,119.1,23,23,1.0,0.2254,True
scene-1094_022,4,Pedestrian,37.38,0,0.0,55.0,2,2,1.0,0.0,False
scene-1094_022,5,Car,72.03,0,0.0,27.8,0,0,1.0,0.0,False
scene-1094_022,6,Pedestrian,24.8,0,0.0,91.6,5,5,1.0,0.4146,True
scene-1094_022,7,Pedestrian,38.22,2,0.0,61.6,1,1,1.0,0.0,False
scene-1094_022,8,Car,18.18,0,0.15,131.2,25,24,1.0,0.3574,True
scene-1094_023,0,Pedestrian,36.51,0,0.0,66.7,3,3,1.0,0.0,False
scene-1094_023,1,Car,70.81,0,0.0,27.0,0,0,1.0,0.0,False
scene-1094_023,2,Pedestrian,50.39,2,0.0,45.5,0,0,1.0,0.0,False
scene-1094_023,3,Car,22.85,0,0.0,113.2,18,18,1.0,0.2293,True
scene-1094_023,4,Pedestrian,32.24,0,0.0,63.9,2,2,1.0,0.0,False
scene-1094_023,5,Car,63.57,0,0.0,31.6,0,0,1.0,0.0,False
scene-1094_023,6,Pedestrian,19.83,0,0.0,114.8,6,6,1.0,0.2851,True
scene-1094_023,7,Pedestrian,33.14,2,0.0,71.1,0,0,1.0,0.0,False
scene-1094_023,8,Car,13.43,0,0.84,187.1,58,10,1.0,0.203,True
scene-1094_024,0,Pedestrian,32.83,0,0.0,74.3,4,4,1.0,0.0,False
scene-1094_024,1,Car,61.38,0,0.0,31.3,0,0,1.0,0.0,False
scene-1094_024,2,Pedestrian,46.67,2,0.0,49.2,0,0,1.0,0.0,False
scene-1094_024,3,Car,23.5,0,0.0,109.8,22,22,1.0,0.4815,True
scene-1094_024,4,Pedestrian,27.57,0,0.0,75.0,1,1,1.0,0.0,False
scene-1094_024,5,Car,55.72,0,0.0,36.3,0,0,1.0,0.0,False
scene-1094_024,6,Pedestrian,15.15,0,0.0,150.9,11,11,1.0,0.4751,True
scene-1094_024,7,Pedestrian,28.31,2,0.0,83.4,0,0,1.0,0.0,False
scene-1094_025,0,Pedestrian,28.98,0,0.0,84.3,4,4,1.0,0.0,False
scene-1094_025,1,Bus,80.32,0,0.0,55.7,1,1,1.0,0.0,False
scene-1094_025,2,Car,51.83,0,0.0,37.4,1,1,1.0,0.0,False
scene-1094_025,3,Pedestrian,42.97,2,0.0,53.4,1,1,1.0,0.0,False
scene-1094_025,4,Car,24.27,0,0.0,105.9,28,28,1.0,0.5068,True
scene-1094_025,5,Pedestrian,22.69,0,0.0,91.5,3,3,1.0,0.0,False
scene-1094_025,6,Car,48.19,0,0.0,42.2,0,0,1.0,0.0,False
scene-1094_025,7,Pedestrian,10.28,0,0.0,224.5,19,19,1.0,0.3218,True
scene-1094_025,8,Pedestrian,23.27,2,0.0,101.8,1,1,1.0,0.0,False
scene-1094_026,0,Pedestrian,25.01,0,0.0,98.0,5,5,1.0,0.2746,True
scene-1094_026,1,Bus,72.5,0,0.0,62.2,0,0,1.0,0.0,False
scene-1094_026,2,Car,42.14,0,0.0,46.5,4,4,1.0,0.0,False
scene-1094_026,3,Pedestrian,39.12,2,0.0,58.8,1,1,1.0,0.0,False
scene-1094_026,4,Car,24.99,0,0.0,102.6,30,30,1.0,0.4953,True
scene-1094_026,5,Pedestrian,17.71,0,0.0,117.9,5,5,1.0,0.0757,True
scene-1094_026,6,Car,40.52,0,0.0,50.7,6,6,1.0,0.0,False
scene-1094_026,7,Pedestrian,18.16,0,0.0,131.1,6,6,1.0,0.1798,True
scene-1094_027,0,Pedestrian,20.9,0,0.0,117.7,5,5,1.0,0.2056,True
scene-1094_027,1,Bus,64.56,0,0.0,70.6,1,1,1.0,0.0,False
scene-1094_027,2,Car,33.01,0,0.0,60.3,0,0,1.0,0.0,False
scene-1094_027,3,Pedestrian,35.16,2,0.0,65.5,2,2,1.0,0.0,False
scene-1094_027,4,Car,25.75,0,0.0,99.3,29,29,1.0,0.5285,True
scene-1094_027,5,Pedestrian,52.44,2,0.0,42.6,1,1,1.0,0.0,False
scene-1094_027,6,Pedestrian,12.6,0,0.0,167.7,12,12,1.0,0.2685,True
scene-1094_027,7,Car,32.52,0,0.0,64.1,5,5,1.0,0.0,False
scene-1094_027,8,Pedestrian,12.92,0,0.0,186.1,20,20,1.0,0.3817,True
scene-1094_028,0,Pedestrian,16.73,0,0.0,148.0,9,9,1.0,0.2751,True
scene-1094_028,1,Bus,56.85,0,0.0,81.4,2,2,1.0,0.0,False
scene-1094_028,2,Car,23.75,0,0.0,86.7,7,7,1.0,0.0083,True
scene-1094_028,3,Pedestrian,31.02,2,0.0,74.3,2,2,1.0,0.0,False
scene-1094_028,4,Car,26.59,0,0.0,95.9,8,8,1.0,0.2295,True
scene-1094_028,5,Pedestrian,47.19,2,0.0,47.4,1,1,1.0,0.0,False
scene-1094_028,6,Pedestrian,7.36,0,0.0,295.5,36,36,1.0,0.5171,True
scene-1094_028,7,Car,24.54,0,0.0,88.9,9,9,1.0,0.0094,True
scene-1094_029,0,Pedestrian,12.47,0,0.0,200.5,19,19,1.0,0.4238,True
scene-1094_029,1,Bus,49.07,0,0.0,96.1,6,6,1.0,0.0,False
scene-1094_029,2,Car,14.73,0,0.44,149.0,23,6,1.0,0.387,True
scene-1094_029,3,Car,27.31,0,0.0,93.1,17,17,1.0,0.2738,True
scene-1094_029,4,Pedestrian,41.84,2,0.0,53.5,3,3,1.0,0.0,False
scene-1094_029,5,Car,16.57,1,0.9,136.8,26,0,1.0,0.0,False
scene-1094_030,0,Pedestrian,8.0,0,0.0,320.0,41,41,1.0,0.489,True
scene-1094_030,1,Bus,40.78,0,0.0,119.0,32,32,1.0,0.6565,True
scene-1094_030,2,Car,28.17,0,0.0,90.0,8,8,1.0,0.0,False
scene-1094_030,3,Pedestrian,36.31,2,0.0,61.7,2,2,1.0,0.0,False
scene-1094_031,0,Bus,32.16,0,0.0,158.3,44,44,1.0,0.3697,True
scene-1094_031,1,Car,28.69,0,0.0,88.3,9,9,1.0,0.2749,True
scene-1094_031,2,Pedestrian,30.54,2,0.0,73.5,3,3,1.0,0.0,False
scene-1094_032,0,Bus,23.59,0,0.28,235.9,117,108,1.0,0.6272,True
scene-1094_032,1,Car,29.22,0,0.0,86.6,7,7,1.0,0.0,False
scene-1094_032,2,Pedestrian,24.61,2,0.0,91.6,2,2,1.0,0.0,False
scene-1094_033,0,Bus,14.96,0,0.85,464.9,334,69,1.0,0.3289,True
scene-1094_033,1,Car,29.67,0,0.0,85.2,17,17,1.0,0.2563,True
scene-1094_033,2,Pedestrian,18.39,2,0.0,123.3,6,6,1.0,0.1323,True
scene-1094_033,3,Motorcycle,58.38,0,0.0,34.5,0,0,1.0,0.0,False
scene-1094_034,0,Car,29.97,0,0.0,84.2,7,7,1.0,0.0,False
scene-1094_034,1,Pedestrian,12.13,2,0.0,189.4,13,13,1.0,0.2235,True
scene-1094_034,2,Motorcycle,47.88,0,0.0,42.3,3,3,1.0,0.0,False
scene-1094_035,0,Car,29.97,0,0.0,84.3,8,8,1.0,0.0,False
scene-1094_035,1,Motorcycle,37.19,0,0.0,54.9,3,3,1.0,0.0,False
scene-1094_035,2,Car,53.09,0,0.0,41.4,1,1,1.0,0.0,False
scene-1094_036,0,Car,30.0,0,0.0,84.2,17,17,1.0,0.2561,True
scene-1094_036,1,Motorcycle,25.74,0,0.0,80.4,4,4,1.0,0.0,False
scene-1094_036,2,Car,41.17,0,0.0,54.0,0,0,1.0,0.0,False
scene-1094_037,0,Car,30.0,0,0.0,84.1,7,7,1.0,0.0,False
scene-1094_037,1,Pedestrian,32.62,2,0.0,78.1,1,1,1.0,0.0,False
scene-1094_037,2,Motorcycle,14.42,0,0.86,149.4,21,0,1.0,0.0,False
scene-1094_037,3,Pedestrian,28.15,1,0.0,90.6,3,3,1.0,0.0,False
scene-1094_037,4,Car,29.09,0,0.0,78.3,5,5,1.0,0.0,False
scene-1094_037,5,Pedestrian,30.45,1,0.0,83.7,1,1,1.0,0.0,False
scene-1094_038,0,Car,29.96,0,0.0,84.2,18,18,1.0,0.2996,True
scene-1094_038,1,Pedestrian,25.77,1,0.0,99.1,5,5,1.0,0.1388,True
scene-1094_038,2,Pedestrian,21.23,1,0.0,120.6,4,4,1.0,0.0,False
scene-1094_038,3,Car,17.08,0,0.0,141.7,42,42,1.0,0.4403,True
scene-1094_038,4,Pedestrian,24.89,1,0.0,102.6,3,3,1.0,0.0,False
scene-1094_039,0,Car,29.84,0,0.0,84.7,10,10,1.0,0.2778,True
scene-1094_039,1,Pedestrian,18.83,0,0.0,136.2,11,11,1.0,0.2899,True
scene-1094_039,2,Pedestrian,14.31,0,0.0,180.2,7,7,1.0,0.0931,True
scene-1094_039,3,Pedestrian,19.21,1,0.0,133.5,4,4,1.0,0.0,False
