group,n,iou_corners_mean,iou_points_mean,iou_corners_median,iou_points_median,points_better_pct,points_fail_pct
all,115,0.933,0.562,0.97,0.638,5.2,6.1
occluded=0,59,0.918,0.609,0.97,0.696,5.1,3.4
occluded=1,18,0.94,0.617,0.974,0.667,11.1,0.0
occluded=2,23,0.957,0.37,0.97,0.456,0.0,17.4
occluded=3,15,0.949,0.609,0.968,0.65,6.7,6.7
depth <15m,33,0.941,0.746,0.977,0.756,12.1,0.0
depth 15-30m,40,0.905,0.587,0.966,0.6,2.5,0.0
depth 30-50m,29,0.948,0.44,0.967,0.466,3.4,10.3
depth >50m,13,0.965,0.294,0.973,0.233,0.0,30.8
type=Car,72,0.972,0.544,0.973,0.632,0.0,6.9
type=Cyclist,6,0.964,0.486,0.96,0.467,0.0,0.0
type=Pedestrian,18,0.733,0.646,0.732,0.676,33.3,0.0
type=Truck,5,0.957,0.711,0.957,0.747,0.0,0.0
type=Van,12,0.97,0.563,0.97,0.632,0.0,8.3
