perturb,level,n_obj,iou_corners_mean,iou_points_mean,iou_corners_near_mean,iou_corners_far_mean,obj_flag_pct,obj_flag_pct_points,frame_flag_pct,frame_offset_px_median,frame_flag_pct_offset
none,0.0,110,0.947,0.563,0.942,0.95,0.0,60.9,0.0,0.4,0.0
yaw,0.5,110,0.767,0.5,0.86,0.704,31.8,75.5,40.0,6.3,100.0
yaw,1.0,110,0.616,0.418,0.767,0.515,56.4,86.4,70.0,12.9,100.0
yaw,2.0,110,0.408,0.3,0.608,0.275,80.9,91.8,95.0,26.1,100.0
yaw,3.0,110,0.293,0.226,0.498,0.155,90.0,95.5,100.0,39.2,100.0
pitch,0.5,110,0.743,0.536,0.851,0.67,36.4,68.2,50.0,6.6,100.0
pitch,1.0,110,0.585,0.448,0.763,0.466,68.2,80.0,90.0,13.0,100.0
pitch,2.0,110,0.369,0.303,0.613,0.206,90.0,92.7,100.0,25.7,100.0
pitch,3.0,110,0.247,0.201,0.493,0.083,90.9,100.0,100.0,38.5,100.0
tx,2.0,110,0.944,0.561,0.937,0.948,0.0,61.8,0.0,0.5,0.0
tx,5.0,110,0.923,0.556,0.919,0.926,1.8,62.7,0.0,1.3,5.0
tx,10.0,110,0.882,0.542,0.884,0.881,5.5,66.4,10.0,2.9,25.0
